City,Label,Month,Year,Date,Day of Week,Area,SQKM,Count_000,Count_010,Count_015
Alchevsk,apr_2021_25,4,2021,4/25/2021 8:33,6,0.001825256,14.52729606,7528,885,408
Alchevsk,apr_2022_27,4,2022,4/27/2022 8:23,2,0.015232378,118.8415045,100874,9828,2944
Alchevsk,aug_2019_24,8,2019,8/24/2019 8:22,5,0.018146903,139.2116062,20937,1991,831
Alchevsk,aug_2020_23,8,2020,8/23/2020 8:31,6,0.000767016,6.056077517,10485,1070,122
Alchevsk,aug_2021_07,8,2021,8/7/2021 8:28,5,0.017317813,131.9780252,38184,6133,3137
Alchevsk,aug_2021_09,8,2021,8/9/2021 8:42,0,0.007148122,56.16891518,26828,2793,1102
Alchevsk,aug_2021_25,8,2021,8/25/2021 8:53,2,0.003297457,26.08595062,3024,254,148
Alchevsk,dec_2019_02,12,2019,12/2/2019 8:39,0,0.016528253,127.5652283,3399,303,92
Alchevsk,dec_2019_16,12,2019,12/16/2019 8:24,0,0.018817478,143.2770685,6103,303,62
Alchevsk,dec_2021_20,12,2021,12/20/2021 8:42,0,0.018668104,142.7408636,11342,671,141
Alchevsk,dec_2021_22,12,2021,12/22/2021 8:02,2,0.010521569,80.5834194,9117,249,44
Alchevsk,feb_2020_10,2,2020,2/10/2020 8:50,0,0.014618923,116.4903212,57348,5269,1307
Alchevsk,feb_2021_23,2,2021,2/23/2021 8:28,1,0.006998778,55.44427587,18399,2481,912
Alchevsk,feb_2022_13,2,2022,2/13/2022 8:37,6,0.000674926,5.367258178,11819,2257,408
Alchevsk,jan_2022_08,1,2022,1/8/2022 8:43,5,0.013371279,103.9293343,46590,6287,1143
Alchevsk,jan_2022_21,1,2022,1/21/2022 8:24,4,0.005534727,43.82129062,7520,282,19
Alchevsk,jul_2019_03,7,2019,7/3/2019 8:37,2,0.008032116,63.28444799,20347,2536,1441
Alchevsk,jul_2019_28,7,2019,7/28/2019 8:53,6,0.011838998,91.12329846,34762,3327,1632
Alchevsk,jul_2019_29,7,2019,7/29/2019 8:40,0,0.000656345,5.218070317,4172,237,43
Alchevsk,jul_2020_26,7,2020,7/26/2020 8:11,6,0.01790232,137.389359,19640,2732,1044
Alchevsk,jul_2021_02,7,2021,7/2/2021 8:42,4,0.002546804,19.98269604,5490,422,107
Alchevsk,jul_2021_10,7,2021,7/10/2021 8:48,5,0.003971231,30.88270381,7139,1589,1027
Alchevsk,jul_2021_12,7,2021,7/12/2021 8:24,0,0.012993645,102.217667,53412,8050,4651
Alchevsk,jul_2021_27,7,2021,7/27/2021 8:27,1,0.008589777,68.42676578,26618,2191,796
Alchevsk,jun_2021_27,6,2021,6/27/2021 8:26,6,0.008211033,64.74711425,10534,566,102
Alchevsk,jun_2021_30,6,2021,6/30/2021 8:41,2,0.00669431,53.05568244,19410,2885,1208
Alchevsk,mar_2019_05,3,2019,3/5/2019 8:53,1,0.006908367,54.01805456,31838,2131,144
Alchevsk,mar_2019_14,3,2019,3/14/2019 9:01,3,0.016373708,126.3661619,15434,1175,355
Alchevsk,may_2019_29,5,2019,5/29/2019 8:27,2,0.018817478,143.2771661,27745,3891,1358
Alchevsk,may_2021_29,5,2021,5/29/2021 8:25,5,0.007515522,59.51139759,180029,23711,4071
Alchevsk,may_2021_31,5,2021,5/31/2021 8:21,0,0.007008187,55.53812982,8651,1581,927
Alchevsk,may_2022_06,5,2022,5/6/2022 8:22,4,0.016888847,130.3128263,182745,19156,7141
Alchevsk,nov_2021_07,11,2021,11/7/2021 8:26,6,0.015287336,118.1298731,31384,3173,1206
Alchevsk,nov_2021_18,11,2021,11/18/2021 8:21,3,0.004741924,37.72567803,1351,117,28
Alchevsk,oct_2019_09,10,2019,10/9/2019 8:19,2,0.00865802,67.22795098,43975,3567,979
Alchevsk,oct_2020_15,10,2020,10/15/2020 8:26,3,0.001328357,10.29148111,2825,221,33
Alchevsk,oct_2020_20,10,2020,10/20/2020 8:44,1,0.007382596,58.00489289,20734,2808,1264
Alchevsk,oct_2021_21,10,2021,10/21/2021 8:53,3,0.000768827,5.919195986,2297,216,45
Alchevsk,sep_2019_12,9,2019,9/12/2019 8:55,3,0.018817478,143.2770739,75302,7095,3360
Alchevsk,sep_2020_20,9,2020,9/20/2020 8:48,6,0.011292847,90.64559436,68937,6577,914
Alchevsk,sep_2020_24,9,2020,9/24/2020 8:46,3,0.001818489,14.5136971,5517,453,71
Alchevsk,sep_2021_08,9,2021,9/8/2021 8:42,2,0.00520694,41.03708117,19873,2213,1217
Berdychiv,feb_2019_21,2,2019,2/21/2019 9:35,3,0.007794695,58.47791403,13087,1783,647
Berehove,apr_2020_20,4,2020,4/20/2020 9:25,0,0.019384286,150.2921422,25826,1405,354
Berehove,jan_2022_09,1,2022,1/9/2022 9:46,6,0.022278124,170.4729041,17055,517,57
Berehove,jul_2021_17,7,2021,7/17/2021 9:40,5,0.014125241,112.5705458,11046,1406,790
Berehove,jul_2021_18,7,2021,7/18/2021 9:38,6,0.011073847,87.25163262,19270,2360,1296
Berehove,jul_2021_22,7,2021,7/22/2021 9:46,3,0.000497492,3.977197612,1615,95,25
Berehove,jun_2019_10,6,2019,6/10/2019 9:25,0,0.013751299,105.9274544,20015,1497,510
Berehove,mar_2022_03,3,2022,3/3/2022 9:57,3,0.021314313,165.7562063,2578,23,1
Berehove,mar_2022_27,3,2022,3/27/2022 9:33,6,0.017377508,136.442037,24611,3132,1593
Berehove,may_2021_21,5,2021,5/21/2021 9:22,4,0.004379726,34.95766183,12931,773,177
Berehove,may_2021_24,5,2021,5/24/2021 9:19,0,0.004195722,33.17732756,4050,412,140
Berehove,may_2022_03,5,2022,5/3/2022 9:51,1,0.000742848,5.981492377,1157,100,43
Berehove,may_2022_12,5,2022,5/12/2022 9:54,3,0.009967644,79.82373407,11472,1690,561
Berehove,may_2022_14,5,2022,5/14/2022 9:46,5,0.017720583,142.8004856,21198,1687,610
Bila_Tserkva,apr_2019_03,4,2019,4/3/2019 9:27,2,0.013151842,97.35937291,33007,9910,5538
Bila_Tserkva,apr_2019_10,4,2019,4/10/2019 9:30,2,0.00920177,70.38860057,114889,25049,15013
Bila_Tserkva,apr_2019_26,4,2019,4/26/2019 9:00,4,0.011810936,87.29902827,89084,22445,13047
Bila_Tserkva,aug_2020_26,8,2020,8/26/2020 9:16,2,0.013080353,100.6929276,148274,25631,15137
Bila_Tserkva,aug_2021_16,8,2021,8/16/2021 9:25,0,0.003684913,28.57308603,6551,1243,554
Bila_Tserkva,jan_2019_25,1,2019,1/25/2019 9:36,4,0.008650874,65.96741673,19604,1359,598
Bila_Tserkva,jun_2019_11,6,2019,6/11/2019 9:17,1,0.005320722,40.27323934,28739,4157,2016
Bila_Tserkva,jun_2019_18,6,2019,6/18/2019 9:28,1,0.01367524,104.9935727,94556,25886,16520
Bila_Tserkva,mar_2019_03,3,2019,3/3/2019 9:27,6,0.016412813,121.5336914,62591,15364,9799
Bila_Tserkva,mar_2021_30,3,2021,3/30/2021 9:16,1,0.016751711,123.9066546,89946,26211,18298
Bila_Tserkva,may_2022_12,5,2022,5/12/2022 9:18,3,0.017413801,128.5413303,77032,19692,11843
Bila_Tserkva,nov_2021_13,11,2021,11/13/2021 9:24,5,0.017362928,127.9063862,199252,21228,9931
Bila_Tserkva,oct_2020_14,10,2020,10/14/2020 9:02,2,0.001837678,14.02444263,4429,675,285
Bila_Tserkva,oct_2020_27,10,2020,10/27/2020 8:55,1,0.014289718,110.033737,80026,11958,6573
Bila_Tserkva,oct_2021_01,10,2021,10/1/2021 9:29,4,0.017629633,129.059556,46729,8428,3890
Bila_Tserkva,oct_2021_26,10,2021,10/26/2021 9:08,1,0.017629633,129.0598552,50148,9896,4353
Cherkasy,apr_2020_18,4,2020,4/18/2020 8:58,5,0.054143955,411.7985284,108068,18132,9234
Cherkasy,aug_2021_15,8,2021,8/15/2021 9:01,6,0.021786759,175.261764,127722,29185,17336
Cherkasy,feb_2020_19,2,2020,2/19/2020 9:14,2,0.002359613,18.23107643,12875,1279,355
Cherkasy,jan_2019_09,1,2019,1/9/2019 9:17,2,0.036402635,278.1328015,11603,499,16
Cherkasy,jun_2021_24,6,2021,6/24/2021 8:38,3,0.021340353,162.3172247,102300,23872,12585
Cherkasy,mar_2019_18,3,2019,3/18/2019 9:16,0,0.002201525,16.98053659,6751,726,270
Cherkasy,mar_2021_30,3,2021,3/30/2021 9:17,1,0.025127777,196.0273994,295697,49312,26091
Cherkasy,may_2019_30,5,2019,5/30/2019 9:26,3,0.036928218,286.9587043,311864,56365,30059
Cherkasy,nov_2021_11,11,2021,11/11/2021 8:53,3,0.017030504,129.2647493,330330,61947,25288
Cherkasy,nov_2021_12,11,2021,11/12/2021 9:10,4,0.000999007,7.788997746,5200,597,136
Cherkasy,sep_2020_19,9,2020,9/19/2020 8:56,5,0.028808762,226.1382524,212379,33712,16551
Chernihiv,apr_2019_03,4,2019,4/3/2019 9:19,2,0.01608522,113.7603389,225180,50408,28191
Chernihiv,apr_2022_28,4,2022,4/28/2022 9:33,3,0.015118808,111.6579085,71664,18774,9589
Chernihiv,aug_2019_07,8,2019,8/7/2019 9:22,2,0.002935167,21.56383092,29951,7198,5225
Chernihiv,aug_2019_19,8,2019,8/19/2019 9:13,0,0.003231022,23.77302101,24916,6840,4762
Chernihiv,feb_2020_25,2,2020,2/25/2020 9:26,1,0.015655242,115.6834016,121159,25051,12250
Chernihiv,feb_2022_28,2,2022,2/28/2022 9:05,0,0.016396316,120.499063,11652,2024,918
Chernihiv,jul_2019_26,7,2019,7/26/2019 9:31,4,0.004576029,32.65284227,48715,11059,6750
Chernihiv,jun_2019_21,6,2019,6/21/2019 9:20,4,0.016396316,120.4986853,44922,8877,4931
Chernihiv,jun_2020_16,6,2020,6/16/2020 8:56,1,0.016396316,120.4986706,133236,35018,22757
Chernihiv,mar_2020_03,3,2020,3/3/2020 9:35,1,0.014166905,100.744828,68662,17830,10625
Chernihiv,mar_2021_30,3,2021,3/30/2021 9:15,1,0.016396316,120.4986848,146852,44989,31894
Chernihiv,mar_2022_10,3,2022,3/10/2022 9:37,3,0.016396316,120.4986872,35134,5953,2915
Chernihiv,mar_2022_16,3,2022,3/16/2022 9:17,2,0.005522318,39.59385408,20290,4240,2307
Chernihiv,mar_2022_18,3,2022,3/18/2022 8:53,4,0.016396316,120.4986871,54455,11095,5889
Chernihiv,mar_2022_19,3,2022,3/19/2022 9:07,5,0.016396316,120.4986799,69550,9862,4459
Chernihiv,mar_2022_20,3,2022,3/20/2022 9:24,6,0.016396316,120.4986731,99556,13810,6652
Chernihiv,mar_2022_21,3,2022,3/21/2022 9:33,0,0.016396316,120.4990788,26993,4003,1828
Chernihiv,mar_2022_22,3,2022,3/22/2022 8:55,1,0.016396316,120.4986863,25311,3358,1327
Chernihiv,sep_2020_06,9,2020,9/6/2020 9:26,6,0.01549641,114.5630854,28409,5704,2777
Chernihiv,sep_2021_15,9,2021,9/15/2021 9:19,2,0.016396316,120.4986872,110780,25692,13645
Chernivtsi,aug_2020_04,8,2020,8/4/2020 9:19,1,0.022111014,172.0755298,14737,1381,400
Chernivtsi,aug_2021_08,8,2021,8/8/2021 9:20,6,0.034716879,268.7931839,114275,30280,16347
Chernivtsi,feb_2020_23,2,2020,2/23/2020 9:23,6,0.034090469,263.9052438,85858,14951,6682
Chernivtsi,feb_2021_04,2,2021,2/4/2021 9:37,3,0.037495268,287.7515069,82904,10146,3338
Chernivtsi,feb_2021_26,2,2021,2/26/2021 9:26,4,0.037495268,287.7514327,73161,14529,8383
Chernivtsi,jul_2019_29,7,2019,7/29/2019 9:21,0,0.026611491,210.735404,41808,7476,3150
Chernivtsi,mar_2019_01,3,2019,3/1/2019 9:42,4,0.037495268,287.7515159,94259,24878,12772
Chernivtsi,mar_2019_03,3,2019,3/3/2019 9:30,6,0.037495268,287.7514504,361982,61570,22154
Chernivtsi,mar_2019_10,3,2019,3/10/2019 9:10,6,0.005485139,43.24719107,18650,2253,659
Chernivtsi,mar_2021_30,3,2021,3/30/2021 9:24,1,0.01301588,103.7967353,57189,19970,13680
Chernivtsi,may_2020_01,5,2020,5/1/2020 9:20,4,0.033489516,260.4807449,28444,4889,1914
Chernivtsi,may_2022_20,5,2022,5/20/2022 9:26,4,0.023067499,177.5130871,86990,18912,8009
Chernivtsi,oct_2019_10,10,2019,10/10/2019 9:31,3,0.037117271,286.3649575,173965,21301,11039
Chernivtsi,sep_2020_25,9,2020,9/25/2020 9:05,4,0.034419225,266.6074164,46285,6891,2684
Chortkiv,jul_2019_29,7,2019,7/29/2019 9:20,0,0.004056895,31.86114154,1689,113,36
Chortkiv,mar_2020_29,3,2020,3/29/2020 9:35,6,0.001702321,13.10821225,132,8,5
Chortkiv,mar_2021_06,3,2021,3/6/2021 9:31,5,0.001920049,14.90301806,11767,1250,83
Chortkiv,mar_2021_24,3,2021,3/24/2021 9:23,2,0.001077171,8.500048818,130,0,0
Chortkiv,may_2020_01,5,2020,5/1/2020 9:20,4,0.004619192,35.67743227,1377,242,112
Chortkiv,sep_2020_25,9,2020,9/25/2020 9:05,4,0.007932817,62.3324435,8500,840,278
Dnipro,apr_2019_22,4,2019,4/22/2019 9:22,0,0.045206372,344.771615,601153,135260,74177
Dnipro,apr_2019_27,4,2019,4/27/2019 9:02,5,0.018614727,144.1320269,229255,32884,12815
Dnipro,apr_2020_02,4,2020,4/2/2020 8:46,3,0.062236963,474.4863962,318532,72799,43276
Dnipro,apr_2020_10,4,2020,4/10/2020 8:53,4,0.032407167,266.3536863,242007,66646,43578
Dnipro,aug_2019_14,8,2019,8/14/2019 9:33,2,0.055131949,422.4485842,270632,68141,37238
Dnipro,aug_2019_24,8,2019,8/24/2019 8:53,5,0.002744635,21.35518765,13042,1038,324
Dnipro,b_s1,1,2022,1/13/2022 8:32,3,0.04388908,354.241268,238128,27506,10777
Dnipro,feb_2020_02,2,2020,2/2/2020 8:57,6,0.032674567,268.7723547,142989,15672,5380
Dnipro,feb_2021_19,2,2021,2/19/2021 8:43,4,0.061081542,471.4192759,70762,7449,2344
Dnipro,jan_2020_08,1,2020,1/8/2020 8:41,2,0.029427841,242.0635192,221752,38033,19088
Dnipro,jan_2020_09,1,2020,1/9/2020 8:45,3,0.000997921,7.882476306,446,10,3
Dnipro,jan_2020_16,1,2020,1/16/2020 8:33,3,0.035516919,291.9630153,181353,29570,13449
Dnipro,jan_2022_13,1,2022,1/13/2022 8:32,3,0.037182034,303.981931,219676,24472,10067
Dnipro,jul_2019_22,7,2019,7/22/2019 8:36,0,0.032358983,266.1743185,194327,55602,36880
Dnipro,jul_2019_24,7,2019,7/24/2019 9:00,2,0.012771613,101.2874754,81256,9805,3509
Dnipro,jun_2021_05,6,2021,6/5/2021 8:37,5,0.06059678,462.9802035,399416,86535,53943
Dnipro,jun_2021_30,6,2021,6/30/2021 8:33,2,0.008368919,67.00677152,39161,8658,4528
Dnipro,mar_2020_01,3,2020,3/1/2020 9:06,6,0.007551331,60.17442797,34588,3649,2104
Dnipro,oct_2020_08,10,2020,10/8/2020 8:56,3,0.027614301,219.1539424,257587,38440,22230
Dnipro,oct_2021_09,10,2021,10/9/2021 8:34,5,0.006425364,50.25933706,22292,2564,789
Dnipro,sep_2019_01,9,2019,9/1/2019 8:32,6,0.036635228,300.6347774,239545,53803,29607
Dnipro,sep_2021_30,9,2021,9/30/2021 8:27,3,0.022925545,182.0511958,49389,8664,3588
Donetsk,apr_2020_10,4,2020,4/10/2020 8:52,4,0.02132735,169.1975004,78057,24239,15644
Donetsk,apr_2021_25,4,2021,4/25/2021 8:34,6,0.021123022,168.5119672,118290,29733,17951
Donetsk,apr_2022_25,4,2022,4/25/2022 8:50,0,0.035356466,276.5685094,142046,25683,12929
Donetsk,apr_2022_27,4,2022,4/27/2022 8:32,2,0.003281784,26.3848413,4183,439,202
Donetsk,aug_2020_04,8,2020,8/4/2020 8:31,1,0.012803854,101.8376005,134399,27029,15691
Donetsk,aug_2020_18,8,2020,8/18/2020 8:51,1,0.017023048,137.9215032,155853,20591,9138
Donetsk,b_s1,10,2021,10/16/2021 8:44,5,0.059059962,465.3035169,167397,28425,14558
Donetsk,dec_2019_20,12,2019,12/20/2019 8:27,4,0.002572728,20.48536092,20404,1054,198
Donetsk,feb_2020_16,2,2020,2/16/2020 8:45,6,0.015948086,126.1435318,36395,4248,1118
Donetsk,feb_2022_15,2,2022,2/15/2022 8:46,1,0.058306993,460.6495455,105524,15021,6921
Donetsk,jan_2020_02,1,2020,1/2/2020 8:34,3,0.010975678,87.86863222,59724,5322,1163
Donetsk,jul_2020_06,7,2020,7/6/2020 8:48,0,0.044984106,363.9952403,103879,23538,12837
Donetsk,jul_2020_12,7,2020,7/12/2020 8:40,6,0.001471057,11.54825226,886,66,21
Donetsk,jul_2021_08,7,2021,7/8/2021 8:34,3,0.010697971,86.1654439,71047,20681,11828
Donetsk,jul_2021_13,7,2021,7/13/2021 8:17,1,0.010057658,79.85889618,15723,2512,976
Donetsk,jun_2019_27,6,2019,6/27/2019 8:58,3,0.016027596,129.425508,56925,11772,5019
Donetsk,jun_2021_21,6,2021,6/21/2021 8:47,0,0.035199038,283.2998185,161626,45095,27386
Donetsk,mar_2020_17,3,2020,3/17/2020 8:37,1,0.058799664,464.5496866,278556,56641,33198
Donetsk,mar_2022_11,3,2022,3/11/2022 8:45,4,0.018729765,151.3671889,53624,5467,1832
Donetsk,mar_2022_18,3,2022,3/18/2022 8:04,4,0.029218185,231.1360068,42614,2365,831
Donetsk,mar_2022_26,3,2022,3/26/2022 8:09,5,0.035205151,282.2469141,113803,14047,4331
Donetsk,mar_2022_30,3,2022,3/30/2022 9:02,2,0.050404528,402.7193138,95977,22568,14508
Donetsk,may_2019_20,5,2019,5/20/2019 8:59,0,0.030254012,241.547472,114122,15031,4818
Donetsk,may_2019_27,5,2019,5/27/2019 8:40,0,0.003159238,24.4707148,13381,657,161
Donetsk,may_2019_31,5,2019,5/31/2019 8:53,4,0.01675221,132.2414525,90012,28943,17252
Donetsk,may_2022_07,5,2022,5/7/2022 8:38,5,0.003566402,27.88188021,4577,242,60
Donetsk,may_2022_08,5,2022,5/8/2022 8:26,6,0.003464562,28.01983223,6365,986,364
Donetsk,nov_2019_15,11,2019,11/15/2019 9:06,4,0.002508343,20.00382587,7016,541,130
Donetsk,nov_2020_19,11,2020,11/19/2020 8:18,3,0.020462621,162.6343171,197595,19652,7511
Donetsk,oct_2019_03,10,2019,10/3/2019 8:49,3,0.015427596,121.5779841,86895,12412,6143
Donetsk,oct_2019_14,10,2019,10/14/2019 8:45,0,0.006578068,52.56434782,39280,8433,3171
Donetsk,oct_2019_31,10,2019,10/31/2019 8:23,3,0.056825217,449.84648,126163,15606,6449
Donetsk,oct_2020_07,10,2020,10/7/2020 8:23,2,0.003735583,30.08795254,21913,2058,143
Donetsk,oct_2021_16,10,2021,10/16/2021 8:44,5,0.059059962,465.3035169,167397,28425,14558
Donetsk,oct_2021_21,10,2021,10/21/2021 8:54,3,0.024605084,197.4247819,73960,13875,6648
Donetsk,sep_2019_24,9,2019,9/24/2019 8:46,1,0.053182426,404.7749135,621204,87274,37146
Donetsk,sep_2019_25,9,2019,9/25/2019 9:02,2,0.003163789,24.51041644,23067,2277,249
Donetsk,sep_2020_26,9,2020,9/26/2020 8:20,5,0.001329727,10.4977772,2189,198,63
Donetsk,sep_2021_14,9,2021,9/14/2021 8:37,1,0.015361677,124.2236587,141997,25294,15373
Donetsk,sep_2021_15,9,2021,9/15/2021 8:51,2,0.020525609,162.9972831,44957,7522,3313
Drohobych,jan_2019_19,1,2019,1/19/2019 9:48,5,0.02847753,212.3457437,131824,17741,4299
Drohobych,mar_2019_17,3,2019,3/17/2019 9:47,6,0.021608222,168.3093955,119466,18296,8621
Drohobych,mar_2019_23,3,2019,3/23/2019 9:32,5,0.018989078,142.9348486,97297,14694,5263
Drohobych,nov_2019_12,11,2019,11/12/2019 9:17,1,0.028441652,212.3155577,61900,3141,732
Drohobych,nov_2020_19,11,2020,11/19/2020 9:34,3,0.023592605,177.1276141,170581,14746,3240
Drohobych,nov_2021_13,11,2021,11/13/2021 9:44,5,0.025879319,196.5205438,39274,2875,967
Drohobych,oct_2021_06,10,2021,10/6/2021 9:46,2,0.028416341,212.25076,83530,6984,2864
Hremiach,apr_2019_23,4,2019,4/23/2019 8:50,1,0.004498957,31.21178959,6079,391,80
Hremiach,aug_2020_23,8,2020,8/23/2020 9:14,6,0.001426721,10.22124313,820,56,12
Hremiach,may_2019_03,5,2019,5/3/2019 9:23,4,0.002843425,20.77843966,4356,230,13
Hremiach,may_2019_20,5,2019,5/20/2019 8:58,0,0.001135587,8.324629369,639,72,16
Ivano-Frankivsk,apr_2022_20,4,2022,4/20/2022 9:30,2,0.020195754,152.5688689,77486,19600,10326
Ivano-Frankivsk,aug_2019_17,8,2019,8/17/2019 9:20,5,0.016790152,127.0473963,57553,7784,2876
Ivano-Frankivsk,feb_2019_07,2,2019,2/7/2019 9:50,3,0.01553908,121.9616571,34676,8606,4446
Ivano-Frankivsk,jan_2019_19,1,2019,1/19/2019 9:41,5,0.013601677,107.4508799,38479,7239,3220
Ivano-Frankivsk,jan_2020_02,1,2020,1/2/2020 9:39,3,0.015655057,122.8635024,9255,182,3
Ivano-Frankivsk,jan_2020_25,1,2020,1/25/2020 9:35,5,0.021828886,162.8645032,257576,33681,17778
Ivano-Frankivsk,jan_2022_21,1,2022,1/21/2022 9:13,4,0.021891101,163.0015784,233341,19974,7550
Ivano-Frankivsk,jul_2019_21,7,2019,7/21/2019 9:15,6,0.021891101,163.0013701,34108,8753,5030
Ivano-Frankivsk,jul_2020_16,7,2020,7/16/2020 9:18,3,0.016249101,122.8367909,29806,9304,5408
Ivano-Frankivsk,jul_2021_25,7,2021,7/25/2021 9:35,6,0.012845269,100.7746479,62508,15955,9528
Ivano-Frankivsk,mar_2021_03,3,2021,3/3/2021 9:41,2,0.014756905,115.8159966,78869,18990,10698
Ivano-Frankivsk,mar_2022_21,3,2022,3/21/2022 9:41,0,0.021550153,161.4806242,137494,39259,23555
Ivano-Frankivsk,may_2022_06,5,2022,5/6/2022 9:40,4,0.012315505,96.97567435,73538,18185,11214
Ivano-Frankivsk,may_2022_18,5,2022,5/18/2022 9:50,2,0.01650549,125.3648124,165615,44012,25556
Ivano-Frankivsk,nov_2019_29,11,2019,11/29/2019 9:32,4,0.019863301,149.9003862,160958,19576,11008
Ivano-Frankivsk,oct_2021_22,10,2021,10/22/2021 9:43,4,0.002645663,20.61574817,7154,625,160
Kamyanets-Podilskyi,aug_2021_08,8,2021,8/8/2021 9:20,6,0.009059509,69.61341819,29093,6713,3410
Kamyanets-Podilskyi,feb_2019_08,2,2019,2/8/2019 9:14,4,0.009059509,69.61341819,14911,3349,1770
Kamyanets-Podilskyi,feb_2019_16,2,2019,2/16/2019 9:20,5,0.009059509,69.61340051,28669,3618,1412
Kamyanets-Podilskyi,feb_2019_19,2,2019,2/19/2019 9:34,1,0.009059509,69.61341819,41731,9072,5042
Kamyanets-Podilskyi,feb_2020_23,2,2020,2/23/2020 9:23,6,0.009059509,69.61341819,9587,2190,1165
Kamyanets-Podilskyi,feb_2021_25,2,2021,2/25/2021 9:17,3,0.009059509,69.61341819,20580,4415,2723
Kamyanets-Podilskyi,mar_2020_27,3,2020,3/27/2020 9:07,4,0.009059509,69.61341819,75190,12041,4250
Kamyanets-Podilskyi,may_2021_07,5,2021,5/7/2021 9:15,4,0.009059509,69.61341819,69203,13792,8722
Katerynivka,apr_2020_04,4,2020,4/4/2020 9:13,5,0.038594732,284.2258048,38897,2120,530
Katerynivka,aug_2021_16,8,2021,8/16/2021 8:55,0,0.026455227,196.3046816,10343,1597,223
Katerynivka,feb_2020_29,2,2020,2/29/2020 9:02,5,0.023917477,177.9770156,124220,9154,1775
Katerynivka,jul_2020_25,7,2020,7/25/2020 8:46,5,0.046365317,338.129903,71305,5289,1633
Katerynivka,mar_2019_18,3,2019,3/18/2019 8:38,0,0.024316218,180.4718538,87826,15197,4848
Katerynivka,mar_2019_27,3,2019,3/27/2019 9:04,2,0.026547322,196.9101248,43687,6842,2969
Katerynivka,sep_2020_06,9,2020,9/6/2020 9:03,6,0.009525005,70.11482173,3220,332,109
Kharkiv,apr_2020_02,4,2020,4/2/2020 8:46,3,0.023814609,180.4374109,162883,53176,35496
Kharkiv,apr_2020_07,4,2020,4/7/2020 8:30,1,0.050908227,386.9416952,417176,113156,69891
Kharkiv,apr_2022_05,4,2022,4/5/2022 8:37,1,0.033870641,261.8792278,497236,93988,33092
Kharkiv,apr_2022_07,4,2022,4/7/2022 7:56,3,0.026640563,204.4244065,122534,11414,2083
Kharkiv,apr_2022_16,4,2022,4/16/2022 8:36,5,0.004127057,31.83548719,6454,668,212
Kharkiv,apr_2022_22,4,2022,4/22/2022 8:40,4,0.008257136,63.58161886,17327,2365,1006
Kharkiv,apr_2022_24,4,2022,4/24/2022 8:41,6,0.013146268,102.1790265,52026,7081,3266
Kharkiv,apr_2022_25,4,2022,4/25/2022 8:50,0,0.000694533,5.379301058,2547,242,48
Kharkiv,aug_2021_02,8,2021,8/2/2021 8:55,0,0.023484399,183.4344723,394115,109547,68799
Kharkiv,b_s1,11,2021,11/17/2021 8:57,2,0.040098906,309.758364,146569,39013,21185
Kharkiv,feb_2021_19,2,2021,2/19/2021 8:44,4,0.039790464,311.9319088,60386,5798,1500
Kharkiv,feb_2022_20,2,2022,2/20/2022 9:01,6,0.050908227,386.9440486,163584,41718,23083
Kharkiv,jan_2021_18,1,2021,1/18/2021 8:23,0,0.040852547,312.8393838,23487,5390,1971
Kharkiv,jan_2022_13,1,2022,1/13/2022 8:48,3,0.021330058,163.3518401,195727,42375,25200
Kharkiv,jul_2021_14,7,2021,7/14/2021 8:54,2,0.026305116,206.8529841,440342,121237,78331
Kharkiv,jul_2021_15,7,2021,7/15/2021 9:03,3,0.0358709,281.7636185,188390,72482,48631
Kharkiv,jun_2019_16,6,2019,6/16/2019 8:22,6,0.012333723,95.12468024,37988,9564,5550
Kharkiv,jun_2020_09,6,2020,6/9/2020 8:34,1,0.050908227,386.942224,503243,142780,85872
Kharkiv,jun_2020_14,6,2020,6/14/2020 8:58,6,0.020407293,157.5441719,69516,22784,14559
Kharkiv,jun_2021_24,6,2021,6/24/2021 8:37,3,0.021283405,165.8416842,143762,46530,28798
Kharkiv,mar_2020_01,3,2020,3/1/2020 9:05,6,0.050908227,386.9422281,318869,65138,43108
Kharkiv,mar_2022_16,3,2022,3/16/2022 9:16,2,0.047359945,364.7925962,62348,3641,439
Kharkiv,mar_2022_17,3,2022,3/17/2022 8:30,3,0.015247451,120.5348921,42667,5670,2410
Kharkiv,mar_2022_19,3,2022,3/19/2022 9:06,5,0.025188865,193.0003,42258,7442,3569
Kharkiv,mar_2022_22,3,2022,3/22/2022 8:57,1,0.017184662,134.2343788,26678,5192,2646
Kharkiv,mar_2022_23,3,2022,3/23/2022 8:20,2,0.022107637,169.3998982,37277,4306,1462
Kharkiv,may_2021_22,5,2021,5/22/2021 8:53,5,0.030505464,241.4630307,232112,83157,50322
Kharkiv,may_2021_25,5,2021,5/25/2021 9:01,1,0.027839143,219.2321477,522013,148937,94591
Kharkiv,may_2021_28,5,2021,5/28/2021 8:32,4,0.023772772,185.4277148,126438,44149,27703
Kharkiv,may_2022_05,5,2022,5/5/2022 8:36,3,0.0313666,245.9317619,226318,59271,27117
Kharkiv,may_2022_08,5,2022,5/8/2022 8:51,6,0.005502522,42.01936457,63596,7015,2850
Kharkiv,may_2022_20,5,2022,5/20/2022 8:44,4,0.031937185,246.4300191,452626,108218,57229
Kharkiv,nov_2021_17,11,2021,11/17/2021 8:57,2,0.040098906,309.758364,146569,39013,21185
Kharkiv,oct_2020_08,10,2020,10/8/2020 8:56,3,0.034716036,270.5909516,459702,99577,61908
Kharkiv,oct_2020_09,10,2020,10/9/2020 8:48,4,0.009044266,69.37645155,19784,4837,2669
Kharkiv,oct_2021_09,10,2021,10/9/2021 8:34,5,0.002661349,20.35404344,15386,2637,1434
Kharkiv,oct_2021_10,10,2021,10/10/2021 8:57,6,0.042446815,326.3276836,206466,51358,29218
Kherson,apr_2020_24,4,2020,4/24/2020 8:52,4,0.01128312,91.93362064,68025,15517,8023
Kherson,apr_2020_29,4,2020,4/29/2020 8:54,2,0.007856954,62.80505983,54793,11963,5821
Kherson,apr_2022_07,4,2022,4/7/2022 9:08,3,0.009280046,75.38395002,87700,9991,4184
Kherson,apr_2022_15,4,2022,4/15/2022 9:14,4,0.016461539,132.7081403,50259,9694,4768
Kherson,apr_2022_20,4,2022,4/20/2022 9:11,2,0.008786459,71.38077285,76805,6507,1911
Kherson,apr_2022_25,4,2022,4/25/2022 8:51,0,0.009607964,78.12918277,77380,11718,5993
Kherson,aug_2019_19,8,2019,8/19/2019 9:14,0,0.016467915,132.7233075,202507,38118,21421
Kherson,aug_2021_22,8,2021,8/22/2021 9:05,6,0.016467915,132.7232966,52856,10512,5360
Kherson,b_s1,11,2021,11/11/2021 8:54,3,0.016462742,132.7232945,378544,71837,27055
Kherson,jul_2019_12,7,2019,7/12/2019 9:10,4,0.012176214,98.84669507,144510,30509,17462
Kherson,mar_2021_04,3,2021,3/4/2021 9:09,3,0.016467915,132.7233012,157100,29642,18576
Kherson,mar_2022_14,3,2022,3/14/2022 9:30,0,0.003148949,26.21521076,4937,788,298
Kherson,mar_2022_16,3,2022,3/16/2022 9:33,2,0.016462742,132.7232804,19839,1596,479
Kherson,mar_2022_31,3,2022,3/31/2022 8:39,3,0.016467915,132.7232804,20609,2360,1229
Kherson,may_2022_07,5,2022,5/7/2022 9:03,5,0.001956981,15.90932536,2731,278,103
Kherson,may_2022_08,5,2022,5/8/2022 8:53,6,0.000623552,5.083666422,9223,1263,413
Kherson,nov_2021_11,11,2021,11/11/2021 8:54,3,0.016462742,132.7232945,378544,71837,27055
Kherson,sep_2020_09,9,2020,9/9/2020 8:54,2,0.005616389,44.90725686,40795,8581,4639
Khmelnytskyi,aug_2020_15,8,2020,8/15/2020 9:14,5,0.014054144,107.1128454,36914,7071,3649
Khmelnytskyi,aug_2020_26,8,2020,8/26/2020 9:17,2,0.012845464,100.4538366,141566,27162,15169
Khmelnytskyi,dec_2019_31,12,2019,12/31/2019 9:12,1,0.001240291,9.706521681,759,41,13
Khmelnytskyi,feb_2020_07,2,2020,2/7/2020 9:41,4,0.008826464,69.32758608,40303,8057,4112
Khmelnytskyi,feb_2021_25,2,2021,2/25/2021 8:59,3,0.019262691,146.5244931,131467,18265,6890
Khmelnytskyi,jan_2020_08,1,2020,1/8/2020 9:18,2,0.000950793,7.469684891,1294,58,19
Khmelnytskyi,jan_2020_25,1,2020,1/25/2020 9:35,5,0.012172985,94.89369155,25521,4447,2637
Khmelnytskyi,jul_2019_01,7,2019,7/1/2019 9:08,0,0.02320034,174.2741866,82435,22774,12814
Khmelnytskyi,jun_2019_13,6,2019,6/13/2019 9:14,3,0.018274797,138.7988117,62963,16406,8517
Khmelnytskyi,jun_2019_18,6,2019,6/18/2019 9:31,1,0.000995765,7.825634398,1424,130,65
Khmelnytskyi,jun_2020_27,6,2020,6/27/2020 9:19,5,0.000894042,6.857954645,741,155,104
Khmelnytskyi,mar_2020_23,3,2020,3/23/2020 9:21,0,0.001152322,9.019941194,3816,523,175
Khmelnytskyi,may_2022_01,5,2022,5/1/2022 9:25,6,0.00547653,42.32134526,30223,6956,3237
Khmelnytskyi,may_2022_12,5,2022,5/12/2022 9:20,3,0.005204386,40.39082903,26582,4904,2072
Khmelnytskyi,nov_2019_05,11,2019,11/5/2019 9:50,1,0.021464522,163.4618612,156807,22802,11767
Khmelnytskyi,nov_2020_23,11,2020,11/23/2020 9:28,0,0.001711521,13.16196188,605,74,19
Khmelnytskyi,nov_2021_26,11,2021,11/26/2021 9:30,4,0.011244676,85.62620506,14374,3993,2370
Khmelnytskyi,oct_2021_15,10,2021,10/15/2021 9:13,4,0.021024151,159.7381814,25210,4409,1724
Khmelnytskyi,oct_2021_25,10,2021,10/25/2021 9:24,0,0.02310194,174.2156675,368338,71235,33844
Khmelnytskyi,sep_2021_30,9,2021,9/30/2021 9:29,3,0.016516085,129.3764979,155478,34066,19353
Kolomyiska,feb_2021_21,2,2021,2/21/2021 9:36,6,0.039457954,302.9081822,55771,2441,527
Kolomyiska,nov_2021_26,11,2021,11/26/2021 9:31,4,0.028108224,230.1589931,174549,12356,4186
Kolomyiska,oct_2021_25,10,2021,10/25/2021 9:46,0,0.005902294,46.70263701,6729,289,43
Kolomyiska,sep_2019_13,9,2019,9/13/2019 9:27,4,0.018075223,142.5965468,28501,3300,954
Konotop,aug_2020_07,8,2020,8/7/2020 9:09,4,0.010275607,74.67901878,9432,1235,567
Konotop,aug_2021_16,8,2021,8/16/2021 8:55,0,0.018385372,132.9678112,69816,11973,5413
Konotop,jul_2020_11,7,2020,7/11/2020 9:02,5,0.018385372,132.9678112,20879,2958,1348
Konotop,mar_2019_18,3,2019,3/18/2019 9:15,0,0.018385372,132.9678112,32853,8857,4643
Konotop,mar_2022_21,3,2022,3/21/2022 9:13,0,0.011669123,85.11150289,19966,3995,2180
Konotop,nov_2019_15,11,2019,11/15/2019 9:08,4,0.018380709,132.9678112,47338,2303,586
Konotop,oct_2020_28,10,2020,10/28/2020 9:09,2,0.000253651,1.896967658,229,13,0
Kovel,feb_2021_01,2,2021,2/1/2021 9:46,0,0.008044064,59.85409945,17760,617,4
Kovel,feb_2021_23,2,2021,2/23/2021 9:36,1,0.015353505,112.8652227,29466,3120,925
Kovel,mar_2019_20,3,2019,3/20/2019 9:41,2,0.018161844,131.1388675,17664,5753,3638
Kovel,may_2022_18,5,2022,5/18/2022 9:50,2,0.016869713,124.4042361,122094,18929,9557
Kozyatyn,feb_2019_21,2,2019,2/21/2019 9:35,3,0.001426611,10.74677492,3292,202,26
Kozyatyn,may_2021_11,5,2021,5/11/2021 8:59,1,0.017194744,126.1993963,74568,5423,1272
Kramatorsk,b_s1,1,2022,1/12/2022 8:32,2,0.016864699,131.7697873,60639,8668,3632
Kramatorsk,b_s2,10,2021,10/3/2021 8:17,6,0.019767567,150.2587337,27397,2756,806
Kramatorsk,dec_2020_08,12,2020,12/8/2020 8:35,1,0.013491704,106.8297909,26990,4159,2304
Kramatorsk,jan_2022_12,1,2022,1/12/2022 8:32,2,0.016864699,131.7697873,60639,8668,3632
Kramatorsk,jun_2019_27,6,2019,6/27/2019 8:58,3,0.015997758,123.5159001,46254,14222,8234
Kramatorsk,mar_2019_30,3,2019,3/30/2019 8:35,5,0.019767567,150.2587337,34610,3833,1646
Kramatorsk,may_2019_27,5,2019,5/27/2019 8:40,0,0.010444758,79.72389903,79435,7731,3225
Kramatorsk,may_2020_02,5,2020,5/2/2020 8:46,5,0.007454695,56.30582812,19516,3186,1667
Kramatorsk,nov_2019_15,11,2019,11/15/2019 9:06,4,0.008956639,70.77908973,24722,2771,935
Kramatorsk,nov_2019_24,11,2019,11/24/2019 8:35,6,0.008491605,67.22139693,37862,2339,329
Kramatorsk,oct_2020_10,10,2020,10/10/2020 8:11,5,0.001286019,9.896102268,53,0,0
Kramatorsk,oct_2020_15,10,2020,10/15/2020 8:15,3,0.006035483,47.02738395,13886,1123,229
Kramatorsk,oct_2021_03,10,2021,10/3/2021 8:17,6,0.019767567,150.2587337,27397,2756,806
Kramatorsk,sep_2020_12,9,2020,9/12/2020 8:43,5,0.012323179,97.59929899,34971,5314,2493
Kramatorsk,sep_2020_15,9,2020,9/15/2020 8:18,1,0.007916629,62.0734764,22588,2155,631
Kramatorsk,sep_2021_01,9,2021,9/1/2021 8:41,2,0.019767567,150.2587337,82894,15165,8152
Kremenchuk,apr_2019_21,4,2019,4/21/2019 9:06,6,0.005456556,42.70323512,42140,3435,840
Kremenchuk,apr_2022_07,4,2022,4/7/2022 9:07,3,0.012142391,94.80148347,38817,7292,3727
Kremenchuk,aug_2019_26,8,2019,8/26/2019 9:24,0,0.002370803,18.40948916,16235,840,101
Kremenchuk,aug_2021_12,8,2021,8/12/2021 8:32,3,0.040131005,306.9125754,53617,7578,3464
Kremenchuk,feb_2020_08,2,2020,2/8/2020 9:11,5,0.000606276,4.62361593,564,15,2
Kremenchuk,feb_2020_17,2,2020,2/17/2020 9:00,0,0.018004152,144.4061897,129135,11551,4949
Kremenchuk,feb_2022_21,2,2022,2/21/2022 9:02,0,0.035381932,273.2322702,78269,15309,7632
Kremenchuk,jan_2019_20,1,2019,1/20/2019 9:13,6,0.005514065,42.45965783,10,0,0
Kremenchuk,jan_2021_17,1,2021,1/17/2021 8:46,6,0.017840711,143.1400514,80187,4631,933
Kremenchuk,jan_2021_18,1,2021,1/18/2021 9:02,0,0.033261845,256.9122792,119517,6358,1446
Kremenchuk,mar_2019_18,3,2019,3/18/2019 9:15,0,0.001041001,8.0378901,994,102,48
Kremenchuk,mar_2019_21,3,2019,3/21/2019 9:13,3,0.021610429,173.1450945,89400,14873,9041
Kremenchuk,mar_2021_04,3,2021,3/4/2021 9:08,3,0.038686033,297.2119654,251994,41306,20103
Kremenchuk,mar_2022_17,3,2022,3/17/2022 8:41,3,0.023504287,182.5749618,88452,13434,6176
Kremenchuk,oct_2019_15,10,2019,10/15/2019 9:19,1,0.025598948,199.2001831,347015,53920,15969
Kremenchuk,oct_2021_04,10,2021,10/4/2021 8:53,0,0.005731295,43.5463505,41097,3877,803
Kremenchuk,sep_2019_07,9,2019,9/7/2019 9:15,5,0.040106403,306.9129519,279469,33802,15231
Kropyvnytskyi,aug_2019_19,8,2019,8/19/2019 9:13,0,0.012227173,96.94401846,104034,16733,8326
Kropyvnytskyi,aug_2019_20,8,2019,8/20/2019 9:29,1,0.005825301,44.63333114,16018,2321,1009
Kropyvnytskyi,aug_2020_18,8,2020,8/18/2020 9:04,1,0.028723586,219.9730734,92962,12875,4312
Kropyvnytskyi,aug_2021_08,8,2021,8/8/2021 8:50,6,0.028746141,219.9730816,213474,39721,20091
Kropyvnytskyi,jan_2021_17,1,2021,1/17/2021 9:01,6,0.014491842,115.34042,8874,1051,306
Kropyvnytskyi,jun_2019_18,6,2019,6/18/2019 9:28,1,0.018334285,145.6046181,116668,18376,10515
Kropyvnytskyi,jun_2020_10,6,2020,6/10/2020 9:01,2,0.0178814,142.6961173,264660,53184,27909
Kropyvnytskyi,mar_2022_23,3,2022,3/23/2022 8:34,2,0.021347593,167.2353826,111463,19454,10298
Kropyvnytskyi,may_2019_01,5,2019,5/1/2019 8:43,2,0.003179446,25.00695453,18717,1264,473
Kropyvnytskyi,may_2020_13,5,2020,5/13/2020 8:46,2,0.028746722,219.9731279,212124,40693,19507
Kropyvnytskyi,sep_2020_13,9,2020,9/13/2020 9:01,6,0.016644877,133.1166494,172993,25048,14324
KryvyiRih,apr_2019_20,4,2019,4/20/2019 9:01,5,0.002671871,21.34867935,2699,238,108
KryvyiRih,apr_2020_29,4,2020,4/29/2020 8:53,2,0.07585215,595.7304318,283638,32490,13671
KryvyiRih,aug_2019_14,8,2019,8/14/2019 9:33,2,0.056178699,448.353716,202046,28227,7205
KryvyiRih,b_s1,10,2021,10/4/2021 8:53,0,0.045143153,357.942578,520104,68951,27754
KryvyiRih,b_s2,3,2021,3/4/2021 9:09,3,0.037242836,291.6077649,254334,30437,16480
KryvyiRih,feb_2020_04,2,2020,2/4/2020 8:56,1,0.075684783,595.1442276,309148,36227,15705
KryvyiRih,feb_2022_21,2,2022,2/21/2022 9:02,0,0.035438236,276.9194372,180225,23625,10591
KryvyiRih,jan_2019_20,1,2019,1/20/2019 9:12,6,0.030280675,235.1866441,8009,771,116
KryvyiRih,jul_2019_05,7,2019,7/5/2019 8:59,4,0.07585215,595.7241177,396815,62749,30476
KryvyiRih,mar_2021_04,3,2021,3/4/2021 9:09,3,0.037242836,291.6077649,254334,30437,16480
KryvyiRih,oct_2020_25,10,2020,10/25/2020 8:58,6,0.002835998,22.48599623,8579,825,413
KryvyiRih,oct_2021_04,10,2021,10/4/2021 8:53,0,0.045143153,357.942578,520104,68951,27754
Kuchurhan,aug_2019_20,8,2019,8/20/2019 9:10,1,0.0020041,16.37346455,9888,886,131
Kuchurhan,aug_2019_31,8,2019,8/31/2019 9:05,5,0.008356602,67.06524308,85718,7536,1544
Kuchurhan,aug_2021_09,8,2021,8/9/2021 9:07,0,0.008049058,65.46861963,80845,12808,2185
Kuchurhan,jul_2019_29,7,2019,7/29/2019 9:21,0,0.003260134,26.00181311,4791,235,44
Kuchurhan,mar_2022_12,3,2022,3/12/2022 9:01,5,0.007151495,57.22646023,120134,12403,1873
Kuchurhan,mar_2022_26,3,2022,3/26/2022 9:20,5,0.006100113,48.70512396,27379,2889,872
Kuchurhan,oct_2021_24,10,2021,10/24/2021 9:10,6,0.008215413,65.93996559,62398,6893,1355
Kyiv,apr_2019_03,4,2019,4/3/2019 9:19,2,0.071195746,519.1291293,1294941,454306,333848
Kyiv,apr_2022_15,4,2022,4/15/2022 9:23,4,0.066871447,492.5130444,598974,201055,123230
Kyiv,aug_2019_06,8,2019,8/6/2019 9:22,1,0.025194405,193.6879804,256542,101572,72189
Kyiv,aug_2019_25,8,2019,8/25/2019 9:09,6,0.035933166,270.2005425,517677,154912,104833
Kyiv,b_s1,10,2021,10/31/2021 9:25,6,0.061443745,453.1089587,428719,149541,86831
Kyiv,dec_2019_31,12,2019,12/31/2019 9:12,1,0.048136349,359.3045043,120429,14975,6918
Kyiv,feb_2022_20,2,2022,2/20/2022 9:00,6,0.011029372,84.13581481,29747,8472,5033
Kyiv,feb_2022_22,2,2022,2/22/2022 9:26,1,0.014518924,110.232364,56618,18867,10675
Kyiv,feb_2022_28,2,2022,2/28/2022 9:06,0,0.071277588,519.1295823,462743,143013,85684
Kyiv,jan_2021_31,1,2021,1/31/2021 8:44,6,0.016601112,125.9842823,14465,796,191
Kyiv,mar_2019_03,3,2019,3/3/2019 9:26,6,0.071150047,519.1293145,1273828,420597,292574
Kyiv,mar_2019_15,3,2019,3/15/2019 9:17,4,0.001216563,9.039688414,4877,1330,891
Kyiv,mar_2020_03,3,2020,3/3/2020 9:36,1,0.034924283,265.4983483,500036,169324,115344
Kyiv,mar_2020_20,3,2020,3/20/2020 9:06,4,0.010504532,79.32724924,90392,17765,9033
Kyiv,mar_2022_08,3,2022,3/8/2022 9:13,1,0.000834721,6.600796656,33,0,0
Kyiv,mar_2022_10,3,2022,3/10/2022 9:38,3,0.071277588,519.1290996,261233,59326,30435
Kyiv,mar_2022_11,3,2022,3/11/2022 9:00,4,0.055392634,423.6408606,157904,19519,5869
Kyiv,mar_2022_14,3,2022,3/14/2022 8:50,0,0.054915021,420.0543985,149348,18937,8819
Kyiv,mar_2022_18,3,2022,3/18/2022 9:05,4,0.010736618,78.86583733,115018,30287,18124
Kyiv,mar_2022_19,3,2022,3/19/2022 9:05,5,0.057305481,423.0997935,310383,60973,27493
Kyiv,mar_2022_21,3,2022,3/21/2022 9:32,0,0.003638071,26.98363689,20413,4117,2007
Kyiv,mar_2022_25,3,2022,3/25/2022 8:47,4,0.008226412,63.18488961,6218,715,213
Kyiv,mar_2022_31,3,2022,3/31/2022 8:58,3,0.042612502,327.6809552,581812,152767,105233
Kyiv,may_2022_09,5,2022,5/9/2022 9:28,0,0.002458093,18.85805889,13381,4479,2686
Kyiv,may_2022_12,5,2022,5/12/2022 9:18,3,0.02510582,194.366813,460995,181728,122384
Kyiv,oct_2021_11,10,2021,10/11/2021 9:03,0,0.025352814,190.7677537,577763,185523,122015
Kyiv,oct_2021_12,10,2021,10/12/2021 9:19,1,0.007109424,54.23969273,27106,7421,4714
Kyiv,oct_2021_15,10,2021,10/15/2021 8:47,4,0.011126649,86.048231,60015,18694,10337
Kyiv,oct_2021_31,10,2021,10/31/2021 9:25,6,0.042504965,330.633298,263700,83349,44882
Kyiv,sep_2020_26,9,2020,9/26/2020 9:05,5,0.029294381,227.7526666,744446,178417,110982
Kyiv,sep_2020_28,9,2020,9/28/2020 8:53,0,0.019039734,143.9384522,115639,38928,21329
Kyiv,sep_2021_07,9,2021,9/7/2021 9:14,1,0.006551921,49.911291,67292,25189,16537
Luhansk,apr_2020_02,4,2020,4/2/2020 8:47,3,0.015526764,120.980643,36740,2635,742
Luhansk,apr_2020_12,4,2020,4/12/2020 8:13,6,0.005867931,46.34571146,36584,3437,765
Luhansk,apr_2020_13,4,2020,4/13/2020 8:49,0,0.007435031,59.03459879,13031,2491,1283
Luhansk,apr_2020_19,4,2020,4/19/2020 8:21,6,0.013084929,104.2799882,218,15,2
Luhansk,apr_2020_26,4,2020,4/26/2020 8:24,6,0.00534618,42.07934463,16370,2563,1501
Luhansk,apr_2022_19,4,2022,4/19/2022 8:26,1,0.008526196,67.88501298,8598,1338,844
Luhansk,aug_2020_03,8,2020,8/3/2020 8:43,0,0.005956393,47.03729517,10204,1174,490
Luhansk,aug_2020_05,8,2020,8/5/2020 8:42,2,0.006391174,50.55634368,9438,1708,882
Luhansk,dec_2019_16,12,2019,12/16/2019 8:24,0,0.042044895,333.6786293,124658,5482,996
Luhansk,feb_2019_24,2,2019,2/24/2019 9:14,6,0.005524891,43.45369695,4849,479,99
Luhansk,feb_2021_17,2,2021,2/17/2021 8:18,2,0.014319744,111.4963079,44851,5332,658
Luhansk,feb_2022_13,2,2022,2/13/2022 8:36,6,0.002971888,23.19247113,25335,3598,939
Luhansk,feb_2022_19,2,2022,2/19/2022 8:32,5,0.002080635,16.42484611,26029,1866,381
Luhansk,feb_2022_20,2,2022,2/20/2022 8:18,6,0.004473514,35.46012958,26742,1474,122
Luhansk,jan_2020_02,1,2020,1/2/2020 8:22,3,0.013454438,107.6853461,54655,4441,612
Luhansk,jan_2021_16,1,2021,1/16/2021 8:17,5,0.023467529,185.2588574,39248,2613,808
Luhansk,jul_2019_22,7,2019,7/22/2019 8:35,0,0.012806388,100.016844,51099,3186,832
Luhansk,jul_2020_04,7,2020,7/4/2020 8:22,5,0.008468345,66.0241187,24268,1318,220
Luhansk,jul_2020_12,7,2020,7/12/2020 8:39,6,0.006700388,52.93811276,12604,2701,1560
Luhansk,jul_2020_20,7,2020,7/20/2020 8:32,0,0.039755104,317.0462286,100234,15997,9047
Luhansk,jul_2020_26,7,2020,7/26/2020 8:10,6,0.025135658,196.1709352,20030,2873,1138
Luhansk,jul_2021_13,7,2021,7/13/2021 8:17,1,0.002110973,16.71296263,2029,357,29
Luhansk,jul_2021_21,7,2021,7/21/2021 8:43,2,0.005117539,40.99421978,10050,496,94
Luhansk,jul_2021_27,7,2021,7/27/2021 8:27,1,0.003807217,30.44891444,13248,608,94
Luhansk,jun_2019_02,6,2019,6/2/2019 8:35,6,0.055464971,432.6260735,231819,29474,14787
Luhansk,jun_2019_16,6,2019,6/16/2019 8:56,6,0.00156287,12.39720733,14751,1036,95
Luhansk,jun_2020_07,6,2020,6/7/2020 8:15,6,0.005796636,45.75264164,13426,2411,1150
Luhansk,jun_2021_19,6,2021,6/19/2021 8:40,5,0.039288115,312.0161083,204222,41166,22701
Luhansk,jun_2021_29,6,2021,6/29/2021 8:18,1,0.006746793,53.45112471,43796,2367,421
Luhansk,jun_2021_30,6,2021,6/30/2021 8:41,2,0.000948899,7.418601368,1050,21,5
Luhansk,mar_2019_07,3,2019,3/7/2019 8:51,3,0.055464971,432.6260728,374766,71729,30053
Luhansk,mar_2020_30,3,2020,3/30/2020 8:36,0,0.005423575,42.72515428,904,25,0
Luhansk,may_2020_02,5,2020,5/2/2020 8:44,5,0.014214976,113.8009,106353,18273,6130
Luhansk,may_2021_22,5,2021,5/22/2021 8:20,5,0.005487257,43.43189644,255,28,8
Luhansk,nov_2019_16,11,2019,11/16/2019 8:30,5,0.008712243,69.68948307,15386,1120,373
Luhansk,nov_2019_21,11,2019,11/21/2019 8:45,3,0.055464971,432.626162,212517,16920,4457
Luhansk,oct_2019_04,10,2019,10/4/2019 8:13,4,0.043423265,342.1350385,64816,4813,1191
Luhansk,oct_2019_12,10,2019,10/12/2019 8:18,5,0.023474081,181.5789661,70432,4064,772
Luhansk,oct_2020_04,10,2020,10/4/2020 8:32,6,0.006875909,54.39203524,6965,684,352
Luhansk,oct_2020_20,10,2020,10/20/2020 8:45,1,0.005007643,39.84085014,56666,5360,1238
Luhansk,oct_2021_02,10,2021,10/2/2021 8:23,5,0.055409055,432.6236977,313749,35703,13658
Luhansk,sep_2019_11,9,2019,9/11/2019 8:59,2,0.041401435,326.0184688,77432,8387,2924
Luhansk,sep_2020_07,9,2020,9/7/2020 8:26,0,0.009115692,72.43742225,13599,1472,663
Luhansk,sep_2020_13,9,2020,9/13/2020 8:06,6,0.049286258,388.6246149,189019,16910,3864
Luhansk,sep_2020_24,9,2020,9/24/2020 8:46,3,0.005618006,44.09590321,17296,1790,799
Lutsk,apr_2019_02,4,2019,4/2/2019 9:25,1,0.023806958,173.0396983,67082,24684,15878
Lutsk,apr_2019_14,4,2019,4/14/2019 9:22,6,0.026364648,189.5204444,84067,20804,12393
Lutsk,apr_2020_03,4,2020,4/3/2020 9:26,4,0.026364648,189.5204542,341274,62219,32558
Lutsk,apr_2021_05,4,2021,4/5/2021 9:11,0,0.021358442,160.4495206,131917,36114,22862
Lutsk,feb_2021_01,2,2021,2/1/2021 9:48,0,0.0013998,10.38174356,4202,474,4
Lutsk,feb_2022_14,2,2022,2/14/2022 9:23,0,0.025417236,183.6650417,79946,12757,5203
Lutsk,jan_2019_17,1,2019,1/17/2019 9:22,3,0.023618284,173.4548355,15345,564,75
Lutsk,jun_2019_15,6,2019,6/15/2019 9:41,5,0.023687595,173.9118426,78680,14021,6354
Lutsk,mar_2019_01,3,2019,3/1/2019 9:41,4,0.024461015,177.4770106,51442,9985,5307
Lutsk,mar_2020_20,3,2020,3/20/2020 9:11,4,0.016521317,124.6730319,76256,12361,6357
Lutsk,mar_2021_08,3,2021,3/8/2021 9:20,0,0.026364648,189.5204511,34115,2167,617
Lutsk,mar_2022_18,3,2022,3/18/2022 9:44,4,0.010698758,79.55063985,28671,5783,2815
Lutsk,may_2021_10,5,2021,5/10/2021 9:36,0,0.013815315,104.4487348,34183,7594,3815
Lutsk,oct_2019_13,10,2019,10/13/2019 9:21,6,0.013666681,101.3677861,30843,3293,918
Lutsk,oct_2021_06,10,2021,10/6/2021 9:45,2,0.026153942,188.6934305,103239,24707,13047
Lutsk,sep_2020_16,9,2020,9/16/2020 9:34,2,0.026364648,189.5204445,158838,32000,14699
Lutsk,sep_2020_22,9,2020,9/22/2020 9:14,1,0.011500159,86.7894619,61468,15219,9215
Lviv,apr_2020_09,4,2020,4/9/2020 9:30,3,0.008279891,63.62220684,37912,10114,5541
Lviv,apr_2020_10,4,2020,4/10/2020 9:37,4,0.001455234,11.0188117,15956,4430,3002
Lviv,apr_2022_25,4,2022,4/25/2022 9:45,0,0.011367633,88.05775007,74943,23612,13679
Lviv,aug_2019_02,8,2019,8/2/2019 9:42,4,0.002070941,15.83159626,15803,5410,4024
Lviv,aug_2019_21,8,2019,8/21/2019 9:45,2,0.026966857,203.8856177,303787,95463,66724
Lviv,b_s1,2,2022,2/14/2022 9:23,0,0.026928991,203.6371576,68467,16373,7951
Lviv,feb_2022_14,2,2022,2/14/2022 9:23,0,0.026928991,203.6371576,68467,16373,7951
Lviv,feb_2022_24,2,2022,2/24/2022 9:54,3,0.001115877,8.933096357,1616,290,98
Lviv,feb_2022_25,2,2022,2/25/2022 9:39,4,0.026424232,201.1777838,101613,20906,10999
Lviv,jan_2019_08,1,2019,1/8/2019 9:54,1,0.010872553,83.934369,34407,2153,321
Lviv,jan_2019_19,1,2019,1/19/2019 9:48,5,0.011056487,85.37707855,30282,4602,1803
Lviv,mar_2020_27,3,2020,3/27/2020 9:08,4,0.027089052,204.6399852,106057,25757,12569
Lviv,mar_2022_21,3,2022,3/21/2022 9:40,0,0.013692521,102.140735,189680,56525,38107
Lviv,mar_2022_26,3,2022,3/26/2022 9:50,5,0.006134058,47.75222883,41367,9290,3885
Lviv,may_2022_06,5,2022,5/6/2022 9:40,4,0.016793986,129.0220477,82551,25085,13642
Lviv,may_2022_11,5,2022,5/11/2022 9:39,2,0.026732479,201.4255209,483622,141576,92875
Lviv,may_2022_19,5,2022,5/19/2022 10:01,3,0.024684866,189.5120442,160126,46951,24735
Lviv,sep_2019_09,9,2019,9/9/2019 9:46,0,0.002539716,18.7529421,10520,3346,2337
Lviv,sep_2020_22,9,2020,9/22/2020 9:14,1,0.014847676,112.3545572,92092,32472,18407
Lviv,sep_2021_05,9,2021,9/5/2021 9:33,6,0.011152016,82.58700061,175763,50758,30797
Mamalyha,apr_2022_06,4,2022,4/6/2022 8:58,2,0.008451436,64.25886091,8214,547,148
Mamalyha,aug_2020_26,8,2020,8/26/2020 9:25,2,0.008451436,64.25886405,13170,823,315
Mamalyha,feb_2019_16,2,2019,2/16/2019 9:20,5,0.008451436,64.25886648,21605,1952,454
Mamalyha,jan_2021_16,1,2021,1/16/2021 9:38,5,0.003882094,29.76591494,2118,70,7
Mamalyha,jun_2020_29,6,2020,6/29/2020 9:04,0,0.008451436,64.25886091,23440,1499,279
Mamalyha,jun_2021_25,6,2021,6/25/2021 9:40,4,0.003141677,24.57647685,4267,338,135
Mamalyha,mar_2019_10,3,2019,3/10/2019 9:11,6,0.002884496,22.76915078,10507,986,131
Mamalyha,nov_2021_03,11,2021,11/3/2021 9:14,2,0.000559483,4.372430421,839,53,22
Mariupol,apr_2022_02,4,2022,4/2/2022 8:13,5,0.001453036,11.92924055,653,25,6
Mariupol,apr_2022_03,4,2022,4/3/2022 8:50,6,0.028682396,224.2099385,62886,5357,1642
Mariupol,apr_2022_11,4,2022,4/11/2022 8:20,0,0.018496818,146.8205886,26260,2998,914
Mariupol,apr_2022_30,4,2022,4/30/2022 8:29,5,0.011745441,95.81657515,38403,5608,2349
Mariupol,aug_2019_08,8,2019,8/8/2019 8:55,3,0.026318958,207.9165921,97411,21931,12720
Mariupol,aug_2019_12,8,2019,8/12/2019 9:05,0,0.029400407,228.1097848,63822,6065,2129
Mariupol,b_s1,6,2021,6/21/2021 8:48,0,0.029400407,228.1092244,89170,18636,9551
Mariupol,feb_2019_14,2,2019,2/14/2019 8:54,3,0.000989145,8.082872203,1025,70,26
Mariupol,feb_2021_13,2,2021,2/13/2021 8:39,5,0.02520149,198.287514,125846,17347,7668
Mariupol,jul_2020_05,7,2020,7/5/2020 8:56,6,0.017531406,139.1471843,136395,25505,13464
Mariupol,jun_2019_16,6,2019,6/16/2019 8:57,6,0.029400407,228.1087152,298263,44630,19745
Mariupol,jun_2019_21,6,2019,6/21/2019 8:37,4,0.029400407,228.1095836,292313,53328,25386
Mariupol,jun_2020_07,6,2020,6/7/2020 8:16,6,0.012582632,101.9005103,54699,8518,3087
Mariupol,jun_2021_12,6,2021,6/12/2021 8:47,5,0.009068156,72.95714383,113167,22503,12929
Mariupol,jun_2021_21,6,2021,6/21/2021 8:48,0,0.024945553,195.9232483,71240,15846,8405
Mariupol,mar_2022_09,3,2022,3/9/2022 8:16,2,0.002751151,23.1249831,2275,284,113
Mariupol,mar_2022_12,3,2022,3/12/2022 8:26,5,0.023642007,187.7971575,13115,596,134
Mariupol,mar_2022_14,3,2022,3/14/2022 8:53,0,0.027229577,214.513003,51388,5671,1713
Mariupol,mar_2022_18,3,2022,3/18/2022 8:04,4,0.004781018,39.09176327,2800,118,16
Mariupol,mar_2022_19,3,2022,3/19/2022 9:10,5,0.029391114,228.0828,32254,3322,1045
Mariupol,mar_2022_21,3,2022,3/21/2022 9:14,0,0.010436021,83.46319599,20305,936,102
Mariupol,mar_2022_22,3,2022,3/22/2022 8:18,1,0.021564551,169.8029054,74752,9310,2901
Mariupol,mar_2022_23,3,2022,3/23/2022 8:47,2,0.018735506,152.8477055,56222,9000,3910
Mariupol,mar_2022_29,3,2022,3/29/2022 8:29,1,0.029353133,228.0203625,187212,20913,8333
Mariupol,mar_2022_30,3,2022,3/30/2022 9:03,2,0.029400407,228.1094701,33449,3105,1246
Mariupol,may_2020_05,5,2020,5/5/2020 8:32,1,0.029400407,228.1097613,88830,16300,8376
Mariupol,may_2021_31,5,2021,5/31/2021 8:22,0,0.000756852,6.151825297,3162,158,20
Mariupol,may_2022_06,5,2022,5/6/2022 8:50,4,0.012575432,101.6995238,52189,7499,2344
Mariupol,may_2022_07,5,2022,5/7/2022 8:39,5,0.002315715,18.68002055,6760,662,256
Mariupol,may_2022_08,5,2022,5/8/2022 8:23,6,0.026357418,207.449292,64616,6123,1890
Mariupol,may_2022_12,5,2022,5/12/2022 8:18,3,0.014311625,112.2080137,107730,11482,4204
Mariupol,sep_2019_25,9,2019,9/25/2019 9:02,2,0.017508497,141.7394599,137080,20712,9003
Melitopol,apr_2020_10,4,2020,4/10/2020 8:40,4,0.025377529,204.6741536,80663,16155,9039
Melitopol,apr_2021_23,4,2021,4/23/2021 9:01,4,0.033510038,268.7793952,111291,16950,8202
Melitopol,apr_2022_06,4,2022,4/6/2022 8:53,2,0.007184545,58.92721261,97487,16138,7766
Melitopol,feb_2019_19,2,2019,2/19/2019 9:09,1,0.029110384,235.8909607,30556,7482,3967
Melitopol,jul_2019_05,7,2019,7/5/2019 9:05,4,0.026758322,217.5948862,47728,11024,6550
Melitopol,jul_2021_14,7,2021,7/14/2021 8:55,2,0.01293034,104.7315019,113766,18944,11078
Melitopol,mar_2020_13,3,2020,3/13/2020 8:56,4,0.02889994,235.5447535,343667,45889,20926
Melitopol,mar_2021_04,3,2021,3/4/2021 9:05,3,0.032730773,262.9707705,51616,6968,3062
Melitopol,mar_2021_07,3,2021,3/7/2021 8:44,6,0.007838942,60.91019006,18325,1215,474
Melitopol,mar_2022_20,3,2022,3/20/2022 8:40,6,0.030085527,244.776968,69439,5652,1495
Melitopol,mar_2022_24,3,2022,3/24/2022 8:48,3,0.028557802,232.3550556,228746,30472,14452
Melitopol,may_2020_10,5,2020,5/10/2020 8:37,6,0.019162843,153.5939304,21465,2269,683
Melitopol,may_2020_16,5,2020,5/16/2020 8:26,5,0.024098445,193.8298294,53908,6965,2465
Melitopol,oct_2019_17,10,2019,10/17/2019 8:35,3,0.034212322,273.4284939,53620,5353,1567
Merefa,apr_2020_07,4,2020,4/7/2020 8:29,1,0.018581762,135.3287319,45687,4130,1582
Merefa,feb_2022_20,2,2022,2/20/2022 9:01,6,0.011533087,88.36719792,13235,1545,315
Merefa,jan_2021_18,1,2021,1/18/2021 8:23,0,0.002113605,16.42423761,18,0,0
Merefa,jun_2020_09,6,2020,6/9/2020 8:34,1,0.018581762,135.3290744,78890,7182,2932
Merefa,mar_2020_01,3,2020,3/1/2020 9:05,6,0.002676668,20.4243283,9819,628,261
Merefa,oct_2019_20,10,2019,10/20/2019 8:58,6,0.016824704,129.1095132,106416,10367,4319
Merefa,oct_2020_09,10,2020,10/9/2020 8:47,4,0.004247286,32.92931271,3311,284,94
Milove,dec_2020_01,12,2020,12/1/2020 8:34,1,0.004506722,34.88622057,13155,2230,785
Milove,dec_2020_09,12,2020,12/9/2020 8:26,2,0.000570952,4.423303891,3818,237,25
Milove,jan_2020_30,1,2020,1/30/2020 8:44,3,0.004769254,36.48580271,10639,852,152
Milove,jul_2020_04,7,2020,7/4/2020 8:22,5,0.007918878,60.96117808,15799,1361,355
Milove,jul_2021_30,7,2021,7/30/2021 8:09,4,0.002383953,18.46669051,13051,2123,936
Milove,may_2019_18,5,2019,5/18/2019 8:32,5,0.008651455,65.97024886,16010,1511,465
Milove,oct_2020_26,10,2020,10/26/2020 8:20,0,0.00511121,39.47174849,21073,1756,813
Mykolaiv,apr_2020_08,4,2020,4/8/2020 9:07,2,0.007869461,62.67419661,57163,7355,3610
Mykolaiv,apr_2020_12,4,2020,4/12/2020 9:19,6,0.038532975,307.9743005,135577,17074,7634
Mykolaiv,apr_2021_24,4,2021,4/24/2021 9:09,5,0.022762413,184.8035239,169836,38531,24641
Mykolaiv,aug_2019_19,8,2019,8/19/2019 9:13,0,0.006896894,55.57249834,36459,7126,2415
Mykolaiv,b_s1,2,2022,2/4/2022 8:51,4,0.043521781,344.4076582,279139,42111,14175
Mykolaiv,b_s2,11,2021,11/11/2021 8:54,3,0.035165753,282.8799083,872115,153382,49818
Mykolaiv,dec_2020_27,12,2020,12/27/2020 8:36,6,0.021936366,175.7489944,32251,4390,1614
Mykolaiv,feb_2021_05,2,2021,2/5/2021 9:00,4,0.042794972,338.8468856,161453,35705,17485
Mykolaiv,feb_2022_04,2,2022,2/4/2022 8:51,4,0.043521781,344.4076582,279139,42111,14175
Mykolaiv,feb_2022_27,2,2022,2/27/2022 8:57,6,0.011075123,85.85927436,171154,24125,5285
Mykolaiv,jan_2020_25,1,2020,1/25/2020 9:02,5,0.01414899,114.1425948,51892,5027,1646
Mykolaiv,jan_2020_30,1,2020,1/30/2020 9:09,3,0.003260034,26.84699733,70,4,0
Mykolaiv,jan_2021_17,1,2021,1/17/2021 9:01,6,0.019069724,156.5297085,25084,1046,362
Mykolaiv,jul_2019_07,7,2019,7/7/2019 9:30,6,0.014184913,113.7661589,35295,7509,3453
Mykolaiv,jul_2019_16,7,2019,7/16/2019 9:00,1,0.01442113,117.240835,314956,32884,7149
Mykolaiv,jun_2019_18,6,2019,6/18/2019 9:28,1,0.036592874,292.5781721,523091,78494,28855
Mykolaiv,jun_2021_19,6,2021,6/19/2021 8:58,5,0.012212656,97.64205754,832758,343693,48123
Mykolaiv,mar_2019_05,3,2019,3/5/2019 9:03,1,0.028747968,228.1029023,70299,17704,11215
Mykolaiv,mar_2022_13,3,2022,3/13/2022 9:23,6,0.003570301,28.53410298,4610,327,88
Mykolaiv,mar_2022_15,3,2022,3/15/2022 8:57,1,0.015275209,127.2020659,49217,8397,4043
Mykolaiv,mar_2022_31,3,2022,3/31/2022 8:59,3,0.014406204,115.6158109,130767,16859,7599
Mykolaiv,may_2020_21,5,2020,5/21/2020 8:47,3,0.037711138,303.4145094,237536,28729,15576
Mykolaiv,may_2021_27,5,2021,5/27/2021 9:10,3,0.028302802,231.4391987,428222,130859,24905
Mykolaiv,may_2022_09,5,2022,5/9/2022 9:09,0,0.003898576,32.06731823,17463,1763,670
Mykolaiv,may_2022_21,5,2022,5/21/2022 8:47,5,0.002856832,23.48044701,3672,116,15
Mykolaiv,nov_2020_27,11,2020,11/27/2020 8:44,4,0.036689889,294.3249525,276643,27517,11811
Mykolaiv,nov_2021_11,11,2021,11/11/2021 8:54,3,0.035165753,282.8799083,872115,153382,49818
Mykolaiv,oct_2019_11,10,2019,10/11/2019 8:55,4,0.001013073,8.232300651,3814,343,107
Nizhyn,apr_2020_05,4,2020,4/5/2020 8:55,6,0.012872597,95.59734218,32121,4092,1496
Nizhyn,aug_2020_15,8,2020,8/15/2020 9:21,5,0.008049685,60.82311209,28900,2782,925
Nizhyn,aug_2020_16,8,2020,8/16/2020 8:36,6,0.012506696,90.30457454,15003,1539,644
Nizhyn,jun_2019_21,6,2019,6/21/2019 9:19,4,0.012783869,95.17860802,25603,4629,2370
Nizhyn,jun_2019_24,6,2019,6/24/2019 9:22,0,0.011772726,84.43178979,59500,9644,5326
Nizhyn,mar_2019_13,3,2019,3/13/2019 8:59,2,0.012872597,95.59734218,15014,3857,1977
Nizhyn,mar_2022_16,3,2022,3/16/2022 9:31,2,0.001936808,14.54384353,2507,287,56
Nizhyn,may_2019_30,5,2019,5/30/2019 9:29,3,0.012434066,92.76765455,23503,3550,1861
Nizhyn,sep_2021_13,9,2021,9/13/2021 9:18,0,0.012872597,95.59734218,15223,2562,1468
Odessa,apr_2020_19,4,2020,4/19/2020 9:09,6,0.029405001,235.9104431,209392,56580,35436
Odessa,apr_2020_20,4,2020,4/20/2020 8:57,0,0.031779212,252.2689039,494921,121118,77790
Odessa,aug_2019_11,8,2019,8/11/2019 9:05,6,0.033108334,261.9085574,381530,133413,79401
Odessa,aug_2019_14,8,2019,8/14/2019 9:34,2,0.033705354,265.4692056,724713,190230,115525
Odessa,aug_2019_17,8,2019,8/17/2019 9:20,5,0.022286801,184.9842929,103865,26720,12703
Odessa,aug_2021_15,8,2021,8/15/2021 9:02,6,0.030227455,241.6386308,821162,233936,131788
Odessa,aug_2021_28,8,2021,8/28/2021 9:08,5,0.02589155,205.2201648,317868,105692,78839
Odessa,b_s1,12,2021,12/3/2021 9:10,4,0.022895696,186.7314489,137845,30995,12119
Odessa,b_s2,9,2021,9/9/2021 8:58,3,0.033734767,265.4691887,458624,129146,86516
Odessa,dec_2021_03,12,2021,12/3/2021 9:10,4,0.022895696,186.7314489,137845,30995,12119
Odessa,feb_2020_02,2,2020,2/2/2020 8:58,6,0.031455971,250.8633528,263302,46526,20628
Odessa,feb_2021_05,2,2021,2/5/2021 8:46,4,0.025547673,204.5009591,243602,47707,23638
Odessa,feb_2022_26,2,2022,2/26/2022 8:42,5,0.033734767,265.4691496,390375,90556,48279
Odessa,jan_2019_09,1,2019,1/9/2019 8:53,2,0.000642521,5.25142974,110,2,0
Odessa,jan_2019_17,1,2019,1/17/2019 9:23,3,0.032483265,258.6750387,104821,27162,13006
Odessa,jan_2020_11,1,2020,1/11/2020 9:16,5,0.030376412,243.2841647,214920,29647,13326
Odessa,jan_2020_14,1,2020,1/14/2020 8:59,1,0.028480464,228.9831285,191792,49096,27143
Odessa,jul_2019_25,7,2019,7/25/2019 8:45,3,0.033734767,265.4692056,289125,86064,53635
Odessa,jul_2021_09,7,2021,7/9/2021 9:15,4,0.015041961,123.9627933,277786,101930,72083
Odessa,jul_2021_20,7,2021,7/20/2021 9:20,1,0.033734767,265.4691288,184271,69666,45282
Odessa,jul_2021_31,7,2021,7/31/2021 9:15,5,0.033734767,265.4691985,320121,141176,89103
Odessa,jun_2019_30,6,2019,6/30/2019 9:19,6,0.033734767,265.4691327,566699,184410,124554
Odessa,jun_2021_29,6,2021,6/29/2021 8:54,1,0.017310553,140.4282933,154709,56550,36811
Odessa,mar_2020_08,3,2020,3/8/2020 9:17,6,0.001821185,15.29957181,899,256,106
Odessa,mar_2021_07,3,2021,3/7/2021 8:54,6,0.016401839,136.118324,163882,39718,23662
Odessa,mar_2021_23,3,2021,3/23/2021 9:04,1,0.009786612,80.16619803,82711,28920,19431
Odessa,mar_2021_28,3,2021,3/28/2021 9:19,6,0.021145432,172.2466234,184934,88403,55942
Odessa,mar_2022_13,3,2022,3/13/2022 9:17,6,0.021535695,174.5883574,102079,16118,6153
Odessa,mar_2022_14,3,2022,3/14/2022 8:53,0,0.016301876,133.0036518,94121,24477,9666
Odessa,mar_2022_16,3,2022,3/16/2022 9:19,2,0.026633562,215.5726361,100026,15098,5762
Odessa,mar_2022_25,3,2022,3/25/2022 9:06,4,0.019990195,161.0812098,115675,30908,14851
Odessa,mar_2022_27,3,2022,3/27/2022 9:15,6,0.031667696,253.5618429,49268,3362,652
Odessa,mar_2022_30,3,2022,3/30/2022 8:43,2,0.017336769,144.4991952,224867,74914,48092
Odessa,may_2020_04,5,2020,5/4/2020 9:17,0,0.031868641,253.2080708,577918,231068,150072
Odessa,may_2021_11,5,2021,5/11/2021 8:59,1,0.012915335,105.7067321,142814,60042,43102
Odessa,may_2021_22,5,2021,5/22/2021 8:54,5,0.030420463,242.2234448,221771,84481,51559
Odessa,may_2022_09,5,2022,5/9/2022 9:08,0,0.013687022,113.2330719,348007,88432,44965
Odessa,may_2022_12,5,2022,5/12/2022 9:20,3,0.019898756,160.8788375,137587,37838,14795
Odessa,may_2022_20,5,2022,5/20/2022 9:25,4,0.027790375,223.0309902,265924,84970,42565
Odessa,nov_2020_24,11,2020,11/24/2020 8:53,1,0.022636917,187.1669591,222209,71802,36346
Odessa,nov_2020_27,11,2020,11/27/2020 8:44,4,0.003371379,27.32996806,42114,7486,4341
Odessa,oct_2020_09,10,2020,10/9/2020 9:12,4,0.022303596,177.8804441,443227,110752,67693
Odessa,oct_2021_30,10,2021,10/30/2021 9:05,5,0.01327447,109.964147,331441,91747,49890
Odessa,sep_2020_27,9,2020,9/27/2020 8:56,6,0.02890898,231.5675261,236615,60996,34524
Odessa,sep_2021_09,9,2021,9/9/2021 8:58,3,0.033734767,265.4691887,458624,129146,86516
Oleksandriya,dec_2021_26,12,2021,12/26/2021 9:15,6,0.011618344,90.08631842,21828,877,65
Oleksandriya,feb_2020_19,2,2020,2/19/2020 8:31,2,0.011618344,90.08631842,42913,3721,1057
Oleksandriya,feb_2021_14,2,2021,2/14/2021 9:15,6,0.011618344,90.08631842,8921,643,203
Oleksandriya,feb_2022_21,2,2022,2/21/2022 8:54,0,0.011618344,90.08631842,51163,6721,2980
Oleksandriya,jan_2019_20,1,2019,1/20/2019 9:13,6,0.011618344,90.08631842,1310,141,4
Oleksandriya,mar_2019_18,3,2019,3/18/2019 9:15,0,0.011618344,90.08631842,34099,5248,2423
Oleksandriya,nov_2019_23,11,2019,11/23/2019 9:12,5,0.000137014,1.063444396,141,14,13
Pervomaisk,apr_2019_07,4,2019,4/7/2019 9:08,6,0.011261176,87.87054216,62881,6737,2834
Pervomaisk,aug_2019_01,8,2019,8/1/2019 9:27,3,0.000358516,2.891998932,6374,1355,16
Pervomaisk,aug_2021_08,8,2021,8/8/2021 8:50,6,0.012287783,95.16013055,86192,14289,6103
Pervomaisk,aug_2021_16,8,2021,8/16/2021 9:17,0,0.00517978,41.43064493,9841,1864,1056
Pervomaisk,dec_2019_07,12,2019,12/7/2019 9:12,5,0.005822874,45.22644994,7505,392,153
Pervomaisk,feb_2019_17,2,2019,2/17/2019 9:17,6,0.012287783,95.16014353,43610,4671,2128
Pervomaisk,feb_2019_19,2,2019,2/19/2019 9:09,1,0.004579214,36.55023744,7519,1147,416
Pervomaisk,feb_2020_19,2,2020,2/19/2020 9:14,2,0.006341975,49.39148382,34183,4975,1680
Pervomaisk,jan_2020_24,1,2020,1/24/2020 9:20,4,0.002048657,16.21024411,4687,567,284
Pervomaisk,jan_2020_30,1,2020,1/30/2020 9:15,3,0.011515473,89.86033982,212515,19407,2297
Pletenivka,apr_2019_21,4,2019,4/21/2019 8:25,6,0.031182212,237.6135212,13408,1594,763
Pletenivka,apr_2019_27,4,2019,4/27/2019 9:02,5,0.009538987,72.5492361,54935,4207,716
Pletenivka,aug_2020_11,8,2020,8/11/2020 8:20,1,0.01232509,94.63853811,13424,584,118
Pletenivka,aug_2020_25,8,2020,8/25/2020 8:48,1,0.003476194,25.80983339,3317,397,52
Pletenivka,aug_2020_27,8,2020,8/27/2020 8:31,3,0.023039219,174.0768684,130390,12366,1872
Pletenivka,jul_2021_28,7,2021,7/28/2021 9:02,2,0.029972983,226.4654928,17074,2254,901
Pletenivka,mar_2020_17,3,2020,3/17/2020 9:01,1,0.011148641,81.90756596,212,0,0
Pletenivka,mar_2022_11,3,2022,3/11/2022 8:43,4,0.002762817,21.35801115,1378,76,11
Pletenivka,may_2022_13,5,2022,5/13/2022 8:41,4,0.019152757,144.3370647,23771,2167,977
Pletenivka,sep_2020_12,9,2020,9/12/2020 8:43,5,0.01923645,144.8242858,36075,2996,672
Poltava,dec_2021_26,12,2021,12/26/2021 9:04,6,0.023115078,170.2024254,154679,12614,4794
Poltava,feb_2020_19,2,2020,2/19/2020 8:31,2,0.022785525,168.5912491,60405,10495,3778
Poltava,feb_2021_19,2,2021,2/19/2021 8:43,4,0.012201658,94.9990667,21460,4056,1882
Poltava,feb_2022_21,2,2022,2/21/2022 9:01,0,0.023115418,170.2024167,294959,57843,31688
Poltava,jun_2021_24,6,2021,6/24/2021 8:37,3,0.007561176,58.49255174,38254,8111,3954
Poltava,nov_2019_23,11,2019,11/23/2019 9:11,5,0.023115418,170.2024165,79551,10594,4831
Poltava,oct_2019_08,10,2019,10/8/2019 9:07,1,0.023115418,170.2024164,236884,47666,28325
Poltava,oct_2019_15,10,2019,10/15/2019 9:18,1,0.017779918,132.5791121,107802,21115,12847
Poltava,oct_2019_20,10,2019,10/20/2019 8:58,6,0.011555724,85.98424915,90670,17941,10150
Porubne,apr_2022_01,4,2022,4/1/2022 9:15,4,0.020807475,165.8604845,12751,1281,620
Porubne,apr_2022_15,4,2022,4/15/2022 9:24,4,0.017986392,143.692397,48465,2638,740
Porubne,apr_2022_21,4,2022,4/21/2022 9:26,3,0.014664588,118.2936284,121611,12901,3222
Porubne,feb_2021_04,2,2021,2/4/2021 9:37,3,0.00045226,3.546115522,405,12,0
Porubne,feb_2021_26,2,2021,2/26/2021 9:26,4,0.001122167,8.704947449,3407,478,109
Porubne,mar_2019_01,3,2019,3/1/2019 9:42,4,0.000736296,5.853385317,543,55,22
Porubne,mar_2019_03,3,2019,3/3/2019 9:30,6,0.000885126,7.06938426,3956,458,50
Porubne,mar_2019_10,3,2019,3/10/2019 9:10,6,0.022248835,177.0830003,32874,2738,626
Porubne,mar_2022_15,3,2022,3/15/2022 9:46,1,0.004510396,36.296107,13205,1578,493
Porubne,mar_2022_29,3,2022,3/29/2022 9:06,1,0.021425619,168.3150167,60954,5740,1116
Porubne,mar_2022_30,3,2022,3/30/2022 9:42,2,0.027126596,215.8199728,19068,296,90
Porubne,may_2020_01,5,2020,5/1/2020 9:18,4,0.012917309,103.3626405,33101,3640,914
Porubne,may_2022_15,5,2022,5/15/2022 9:04,6,0.017949195,145.3214845,98957,7796,2118
Porubne,sep_2019_02,9,2019,9/2/2019 9:31,0,0.012282666,97.11419436,30922,2625,768
Porubne,sep_2020_25,9,2020,9/25/2020 9:05,4,0.016136174,128.9441989,17497,1660,467
Rava-Ruska,apr_2020_23,4,2020,4/23/2020 9:14,3,0.004113283,31.73960872,7474,563,118
Rava-Ruska,feb_2021_26,2,2021,2/26/2021 9:24,4,0.014711959,111.9378946,28558,1210,201
Rava-Ruska,jan_2020_07,1,2020,1/7/2020 9:54,1,0.01859172,134.4771938,25051,1195,157
Rava-Ruska,jan_2020_13,1,2020,1/13/2020 9:45,0,0.017505404,128.3462026,51583,2458,882
Rava-Ruska,jan_2020_15,1,2020,1/15/2020 9:35,2,0.015664597,119.3970313,19992,1015,198
Rava-Ruska,jan_2022_29,1,2022,1/29/2022 9:39,5,0.013769683,105.5330371,86704,7763,1520
Rava-Ruska,mar_2022_18,3,2022,3/18/2022 9:45,4,0.018175542,132.4895634,22950,1960,704
Rava-Ruska,mar_2022_23,3,2022,3/23/2022 9:59,2,0.000704041,5.430152814,496,53,17
Rava-Ruska,mar_2022_28,3,2022,3/28/2022 9:49,0,0.012716277,97.46173914,37315,5230,2653
Rava-Ruska,may_2022_17,5,2022,5/17/2022 9:36,1,0.008330364,63.87237109,21711,1911,682
Rava-Ruska,may_2022_18,5,2022,5/18/2022 9:51,2,0.007879297,59.73218069,9060,462,154
Reni,apr_2021_05,4,2021,4/5/2021 9:26,0,0.004839488,40.20485558,8847,670,119
Reni,aug_2019_17,8,2019,8/17/2019 9:21,5,0.015083689,127.6306288,36642,3217,960
Reni,aug_2020_01,8,2020,8/1/2020 9:23,5,0.004503747,36.76912536,26591,1404,299
Reni,aug_2020_07,8,2020,8/7/2020 9:09,4,0.032941574,264.9110724,138701,13801,2044
Reni,dec_2019_06,12,2019,12/6/2019 9:34,4,0.000519672,4.357700377,778,71,25
Reni,dec_2020_31,12,2020,12/31/2020 9:19,3,0.018549557,154.4335163,6332,296,65
Reni,feb_2020_08,2,2020,2/8/2020 9:13,5,0.001096389,9.132273928,1059,68,24
Reni,feb_2021_26,2,2021,2/26/2021 9:15,4,0.012608241,104.2878269,20974,939,370
Reni,jul_2021_28,7,2021,7/28/2021 9:17,2,0.011949411,100.2912851,96526,4658,880
Reni,jun_2019_23,6,2019,6/23/2019 9:09,6,0.002242995,18.94552409,27191,1772,308
Reni,jun_2021_07,6,2021,6/7/2021 9:04,0,0.001668422,13.97638983,4945,307,50
Reni,mar_2022_18,3,2022,3/18/2022 9:07,4,0.014664788,122.2472756,5267,288,26
Reni,mar_2022_24,3,2022,3/24/2022 9:24,3,0.016981539,139.8005588,50283,5152,1109
Reni,mar_2022_26,3,2022,3/26/2022 9:20,5,0.008473236,71.16323457,20632,2975,1454
Rivne,aug_2019_21,8,2019,8/21/2019 9:44,2,0.026667441,200.1701066,281645,60756,34279
Rivne,aug_2019_26,8,2019,8/26/2019 9:24,0,0.007425284,54.22785409,47717,9181,5001
Rivne,aug_2020_14,8,2020,8/14/2020 9:27,4,0.0028655,21.85136857,17582,2852,1619
Rivne,mar_2020_29,3,2020,3/29/2020 9:39,6,0.026667441,200.1700526,211759,37744,19368
Rivne,nov_2021_06,11,2021,11/6/2021 9:13,5,0.02779162,199.740684,245532,33046,13904
Rivne,oct_2021_06,10,2021,10/6/2021 9:24,2,0.026799315,193.92896,328688,58244,32384
Sarny,feb_2022_14,2,2022,2/14/2022 9:22,0,0.018685112,134.8872576,24222,3000,1141
Sarny,feb_2022_27,2,2022,2/27/2022 9:43,6,0.018812029,135.1383596,47976,4924,1791
Sarny,jun_2019_05,6,2019,6/5/2019 9:21,2,0.018812029,135.1383596,31795,3654,2108
Sarny,sep_2020_16,9,2020,9/16/2020 9:34,2,0.018812029,135.1384991,20222,3004,1496
Shehyni,apr_2022_04,4,2022,4/4/2022 9:25,0,0.013766809,102.3402483,84513,7970,1379
Shehyni,apr_2022_10,4,2022,4/10/2022 9:43,6,0.012740801,94.67044011,48527,3746,729
Shehyni,apr_2022_14,4,2022,4/14/2022 9:17,3,0.015330608,113.3297526,26329,3542,1240
Shehyni,jan_2019_19,1,2019,1/19/2019 9:49,5,0.015488154,113.4381207,13230,687,225
Shehyni,jan_2021_21,1,2021,1/21/2021 9:54,3,0.015234159,112.0367142,5081,95,2
Shehyni,jul_2021_25,7,2021,7/25/2021 9:36,6,0.005557932,43.29043649,3448,660,383
Shehyni,jun_2019_01,6,2019,6/1/2019 9:57,5,0.005297786,40.52998713,12400,2255,1490
Shehyni,jun_2019_02,6,2019,6/2/2019 9:20,6,0.007913264,60.46429,3077,427,215
Shehyni,jun_2021_04,6,2021,6/4/2021 9:14,4,0.003592104,28.08229063,8765,743,125
Shehyni,jun_2021_20,6,2021,6/20/2021 9:17,6,0.003370024,25.6532791,6406,350,62
Shehyni,jun_2021_21,6,2021,6/21/2021 9:27,0,0.003398981,26.15994407,10936,2016,1387
Shehyni,jun_2021_22,6,2021,6/22/2021 9:50,1,0.004743106,35.72031182,5709,1796,1391
Shehyni,jun_2021_23,6,2021,6/23/2021 9:25,2,0.002257551,17.34735358,287,15,7
Shehyni,mar_2022_12,3,2022,3/12/2022 10:04,5,0.015485255,113.4381253,20790,1317,475
Shehyni,mar_2022_22,3,2022,3/22/2022 9:55,1,0.000648459,4.884934127,3375,232,7
Shehyni,mar_2022_28,3,2022,3/28/2022 9:50,0,0.012455921,95.84408719,8581,1883,1140
Shehyni,mar_2022_30,3,2022,3/30/2022 9:41,2,0.013698612,101.8505281,228,1,0
Shehyni,may_2021_09,5,2021,5/9/2021 9:46,6,0.008406732,64.66545554,7501,972,447
Shehyni,may_2021_24,5,2021,5/24/2021 9:20,0,0.005692275,43.87618849,7066,1053,514
Shehyni,may_2022_12,5,2022,5/12/2022 9:53,3,0.01263126,97.348288,24883,3620,2128
Shehyni,sep_2019_13,9,2019,9/13/2019 9:26,4,0.015488154,113.4382071,20672,1723,616
Smila,feb_2020_19,2,2020,2/19/2020 9:14,2,0.02459358,188.6616507,119516,11756,4131
Smila,jan_2019_09,1,2019,1/9/2019 9:17,2,0.043874103,329.8583677,46154,1779,131
Smila,mar_2019_18,3,2019,3/18/2019 9:16,0,0.023722907,181.9568667,127647,13977,4446
Smila,nov_2021_12,11,2021,11/12/2021 9:10,4,0.026061397,201.3164312,123459,19495,5917
Solotvino,apr_2022_15,4,2022,4/15/2022 9:25,4,0.019458073,149.9798591,79041,11126,5067
Solotvino,jun_2019_10,6,2019,6/10/2019 9:26,0,0.012706725,101.9033952,8303,1682,896
Solotvino,jun_2019_13,6,2019,6/13/2019 9:15,3,0.001055771,8.501254723,1585,248,122
Solotvino,jun_2021_17,6,2021,6/17/2021 9:36,3,0.013361519,107.0841834,8995,1146,552
Solotvino,jun_2021_21,6,2021,6/21/2021 9:28,0,0.004864018,38.45430208,15748,4006,2428
Solotvino,jun_2021_26,6,2021,6/26/2021 9:35,5,0.003391816,27.31542331,3410,833,540
Solotvino,mar_2022_09,3,2022,3/9/2022 9:52,2,0.014135121,111.3119149,59234,6022,1604
Solotvino,mar_2022_12,3,2022,3/12/2022 9:00,5,0.019664797,151.254106,62285,5144,1142
Storozhynets,aug_2020_04,8,2020,8/4/2020 9:19,1,0.00254824,20.19518969,2677,393,261
Storozhynets,aug_2021_08,8,2021,8/8/2021 9:21,6,0.004224801,33.91214866,5392,507,165
Storozhynets,feb_2020_23,2,2020,2/23/2020 9:23,6,0.000671899,5.269779491,5122,1049,208
Storozhynets,feb_2021_04,2,2021,2/4/2021 9:36,3,0.010123998,81.1728053,15560,543,39
Storozhynets,feb_2021_26,2,2021,2/26/2021 9:27,4,0.012651495,98.93881303,21167,959,177
Storozhynets,mar_2019_01,3,2019,3/1/2019 9:42,4,0.006906022,54.9089579,9539,1898,951
Storozhynets,mar_2019_03,3,2019,3/3/2019 9:30,6,0.005285722,41.76749658,17551,3313,1551
Storozhynets,may_2020_01,5,2020,5/1/2020 9:18,4,0.009386072,73.25661826,10254,692,188
Storozhynets,oct_2019_10,10,2019,10/10/2019 9:32,3,0.003550402,27.69576406,11156,771,207
Storozhynets,sep_2020_25,9,2020,9/25/2020 9:04,4,0.004318769,33.78217996,5486,505,161
Sumy,apr_2019_01,4,2019,4/1/2019 8:49,0,0.023705437,171.7852542,232789,30219,15063
Sumy,feb_2020_29,2,2020,2/29/2020 9:01,5,0.024437974,175.4451198,70828,14920,7429
Sumy,feb_2021_05,2,2021,2/5/2021 8:46,4,0.012572419,93.90451385,5947,147,1
Sumy,jul_2020_25,7,2020,7/25/2020 8:47,5,0.006481707,48.53488658,19931,5041,3117
Sumy,mar_2020_25,3,2020,3/25/2020 8:54,2,0.024437974,175.4451198,112355,23104,11787
Sumy,mar_2021_28,3,2021,3/28/2021 8:45,6,0.024437935,175.4448412,350943,66550,28807
Sumy,mar_2022_06,3,2022,3/6/2022 9:05,6,0.000263135,1.931876339,787,59,9
Sumy,mar_2022_15,3,2022,3/15/2022 8:55,1,0.017996965,136.5252405,70935,6785,2214
Sumy,mar_2022_17,3,2022,3/17/2022 8:29,3,0.023431889,170.1235176,35972,4618,1868
Sumy,mar_2022_20,3,2022,3/20/2022 8:39,6,0.024198697,174.648606,35947,4332,1111
Sumy,mar_2022_22,3,2022,3/22/2022 8:55,1,0.016778876,121.7033641,77480,10251,4154
Sumy,mar_2022_23,3,2022,3/23/2022 8:33,2,0.01650315,123.1265336,114210,15432,7575
Sumy,may_2021_25,5,2021,5/25/2021 8:41,1,0.022803238,165.0125919,58078,12794,6513
Sumy,may_2022_04,5,2022,5/4/2022 9:12,2,0.000624689,4.822293737,502,32,7
Sumy,nov_2020_04,11,2020,11/4/2020 8:45,2,0.000599023,4.585219784,791,79,33
Sumy,oct_2019_15,10,2019,10/15/2019 9:18,1,0.024306602,175.2380983,147172,17391,7997
Sumy,oct_2021_01,10,2021,10/1/2021 8:35,4,0.024437974,175.4451198,85750,15394,7087
Sumy,sep_2020_19,9,2020,9/19/2020 9:02,5,0.023986293,173.2351312,155137,29782,14182
Ternopil,feb_2022_03,2,2022,2/3/2022 9:19,3,0.017007154,129.2630908,77907,8610,3674
Ternopil,jan_2019_19,1,2019,1/19/2019 9:41,5,0.011387379,85.35685045,57860,9189,3880
Ternopil,jul_2019_04,7,2019,7/4/2019 9:40,3,0.013450504,100.9489878,39833,10657,6003
Ternopil,jul_2019_29,7,2019,7/29/2019 9:20,0,0.018529116,139.4464246,58217,15131,8315
Ternopil,jun_2019_20,6,2019,6/20/2019 9:07,3,0.015764233,118.8734188,62805,15444,9827
Ternopil,jun_2019_29,6,2019,6/29/2019 9:25,5,0.014441726,108.5902585,18198,1287,319
Ternopil,mar_2020_29,3,2020,3/29/2020 9:34,6,0.01770037,133.6432459,62320,15112,8939
Ternopil,mar_2022_22,3,2022,3/22/2022 9:54,1,0.018213804,137.5518296,61730,16875,9952
Ternopil,mar_2022_27,3,2022,3/27/2022 9:35,6,0.012405602,93.98509602,83169,24047,15472
Ternopil,may_2022_01,5,2022,5/1/2022 9:24,6,0.011853704,90.48514771,59979,20710,12621
Ternopil,nov_2019_05,11,2019,11/5/2019 9:50,1,0.00440246,33.60771336,33626,6405,3895
Ternopil,oct_2019_22,10,2019,10/22/2019 9:29,1,0.014128088,106.2905256,164641,29711,17617
Ternopil,oct_2021_06,10,2021,10/6/2021 9:24,2,0.013206394,101.2711503,187221,40456,22778
Ternopil,sep_2020_21,9,2020,9/21/2020 9:26,0,0.016750696,126.9964267,159748,37055,22190
Udobne,aug_2021_09,8,2021,8/9/2021 9:07,0,0.018989094,155.7525047,63382,5889,1372
Udobne,jul_2019_06,7,2019,7/6/2019 9:15,5,0.012736134,101.6042245,118428,9145,1848
Udobne,jul_2021_20,7,2021,7/20/2021 9:20,1,0.022927804,187.0600346,12552,1002,467
Udobne,may_2022_08,5,2022,5/8/2022 8:53,6,0.009636957,79.62630195,84403,9356,1953
Udobne,oct_2021_24,10,2021,10/24/2021 9:10,6,0.009331057,76.40935551,59297,4511,439
Udobne,sep_2019_16,9,2019,9/16/2019 9:16,0,0.012403832,101.3780661,22702,1820,710
Uzhhorod,apr_2019_30,4,2019,4/30/2019 9:35,1,0.032087062,245.8130348,37890,9940,5538
Uzhhorod,apr_2022_10,4,2022,4/10/2022 9:43,6,0.00916968,71.67243457,59024,12264,5874
Uzhhorod,apr_2022_14,4,2022,4/14/2022 9:50,3,0.00941953,73.38299294,84503,31329,20142
Uzhhorod,apr_2022_15,4,2022,4/15/2022 9:26,4,0.014816998,117.1711229,28064,9123,5725
Uzhhorod,apr_2022_30,4,2022,4/30/2022 10:00,5,0.013945296,109.638682,80134,27448,16439
Uzhhorod,dec_2021_09,12,2021,12/9/2021 9:36,3,0.024317167,192.1813822,254676,20072,6485
Uzhhorod,feb_2022_28,2,2022,2/28/2022 9:49,0,0.008372545,64.93984951,47378,10643,5371
Uzhhorod,jul_2020_05,7,2020,7/5/2020 9:26,6,0.023951464,186.1992648,86580,10576,3342
Uzhhorod,jun_2019_01,6,2019,6/1/2019 9:15,5,0.020316891,160.428993,37006,7553,4159
Uzhhorod,jun_2019_10,6,2019,6/10/2019 9:26,0,0.032087062,245.8129889,42976,10664,6006
Uzhhorod,mar_2019_31,3,2019,3/31/2019 10:11,6,0.024738742,190.1251046,131281,26955,15886
Uzhhorod,mar_2022_03,3,2022,3/3/2022 9:58,3,0.030044643,232.1851252,109006,11877,1338
Uzhhorod,mar_2022_19,3,2022,3/19/2022 9:42,5,0.000626144,4.989793442,212,2,0
Uzhhorod,mar_2022_27,3,2022,3/27/2022 9:32,6,0.032087062,245.8129225,104879,24021,14892
Uzhhorod,mar_2022_28,3,2022,3/28/2022 9:50,0,0.014266829,112.859674,116209,34556,20334
Uzhhorod,may_2022_12,5,2022,5/12/2022 9:53,3,0.016402446,125.9078512,120575,44974,30123
Uzhhorod,oct_2019_17,10,2019,10/17/2019 9:50,3,0.017716466,137.8073466,163331,30115,15612
Velyki_Kopani,apr_2021_25,4,2021,4/25/2021 8:48,6,0.002859247,23.58333531,7593,956,370
Velyki_Kopani,apr_2022_22,4,2022,4/22/2022 8:41,4,0.005636424,44.81232776,1888,296,150
Velyki_Kopani,aug_2019_19,8,2019,8/19/2019 9:14,0,0.000369213,2.961792146,1081,33,9
Velyki_Kopani,aug_2021_22,8,2021,8/22/2021 9:05,6,0.002933066,23.78202788,852,33,8
Velyki_Kopani,jul_2019_12,7,2019,7/12/2019 9:10,4,0.000317961,2.62538988,4428,254,3
Velyki_Kopani,mar_2021_04,3,2021,3/4/2021 9:09,3,0.003773327,30.21220161,17877,1086,333
Velyki_Kopani,mar_2022_16,3,2022,3/16/2022 9:33,2,0.010918963,88.2580549,12567,548,113
Velyki_Kopani,may_2021_06,5,2021,5/6/2021 8:44,3,0.011051821,89.21734096,26738,3097,1269
Velyki_Kopani,may_2021_27,5,2021,5/27/2021 9:10,3,0.008802957,70.98349972,14311,1095,372
Velykodolynske,apr_2020_19,4,2020,4/19/2020 9:09,6,0.000848943,7.084069816,2031,231,87
Velykodolynske,apr_2020_20,4,2020,4/20/2020 8:57,0,0.006596954,53.1987273,72873,13191,7447
Velykodolynske,aug_2019_11,8,2019,8/11/2019 9:05,6,0.005744427,46.260411,66201,19001,8792
Velykodolynske,aug_2019_14,8,2019,8/14/2019 9:34,2,0.005746207,46.27475677,100324,19263,9364
Velykodolynske,aug_2019_17,8,2019,8/17/2019 9:20,5,0.008584559,68.79968219,4874,697,253
Velykodolynske,aug_2021_15,8,2021,8/15/2021 9:02,6,0.008479071,68.29440349,135941,31520,16302
Velykodolynske,aug_2021_28,8,2021,8/28/2021 9:08,5,0.000440366,3.552245207,6443,1686,1257
Velykodolynske,feb_2020_02,2,2020,2/2/2020 8:58,6,0.001347083,10.9537128,8167,979,285
Velykodolynske,feb_2022_26,2,2022,2/26/2022 8:42,5,0.007964072,64.27471154,78560,15117,6620
Velykodolynske,jan_2019_09,1,2019,1/9/2019 8:53,2,0.005014106,41.09640188,341,29,8
Velykodolynske,jan_2019_17,1,2019,1/17/2019 9:23,3,0.00112686,9.219552547,2102,330,121
Velykodolynske,jan_2020_11,1,2020,1/11/2020 9:15,5,0.000527691,4.266903968,4233,338,129
Velykodolynske,jan_2020_14,1,2020,1/14/2020 8:59,1,0.000601388,5.008547832,1074,91,26
Velykodolynske,jul_2019_25,7,2019,7/25/2019 8:45,3,0.005322688,42.80299344,40998,8786,4570
Velykodolynske,jul_2021_20,7,2021,7/20/2021 9:20,1,0.008584559,68.79968219,24322,7200,4467
Velykodolynske,jul_2021_31,7,2021,7/31/2021 9:15,5,0.008584559,68.79995082,46046,15649,9442
Velykodolynske,jun_2019_30,6,2019,6/30/2019 9:19,6,0.008584559,68.7996831,84111,18592,11212
Velykodolynske,jun_2021_29,6,2021,6/29/2021 8:54,1,0.001929369,15.98984253,6663,1314,759
Velykodolynske,mar_2020_08,3,2020,3/8/2020 9:17,6,0.008345161,67.32771287,21562,6742,4925
Velykodolynske,mar_2021_23,3,2021,3/23/2021 9:04,1,0.004116233,33.51005186,30372,8964,5732
Velykodolynske,mar_2022_16,3,2022,3/16/2022 9:19,2,0.003652424,29.37944098,3888,334,113
Velykodolynske,mar_2022_27,3,2022,3/27/2022 9:15,6,0.005843834,47.17285581,11168,738,143
Velykodolynske,mar_2022_30,3,2022,3/30/2022 8:43,2,0.000246764,2.023246227,572,48,11
Velykodolynske,may_2020_04,5,2020,5/4/2020 9:17,0,0.006832995,55.51519164,82013,16128,8550
Velykodolynske,may_2021_22,5,2021,5/22/2021 8:54,5,0.000309191,2.537712851,1058,68,18
Velykodolynske,may_2022_12,5,2022,5/12/2022 9:20,3,0.00373656,31.2063226,11883,2323,918
Velykodolynske,may_2022_20,5,2022,5/20/2022 9:00,4,0.008584559,68.79968219,72431,16745,7533
Velykodolynske,nov_2020_27,11,2020,11/27/2020 8:45,4,0.000914273,7.573399238,8840,731,317
Velykodolynske,sep_2020_20,9,2020,9/20/2020 9:11,6,0.002404558,19.68838049,18013,3031,1740
Velykodolynske,sep_2020_27,9,2020,9/27/2020 8:56,6,0.006785812,54.73356336,52421,9112,4131
Velykodolynske,sep_2021_09,9,2021,9/9/2021 8:59,3,0.008584559,68.79968219,59981,10073,5569
Vinnytsia,apr_2019_06,4,2019,4/6/2019 9:17,5,0.001038974,8.026510466,3648,329,97
Vinnytsia,apr_2020_03,4,2020,4/3/2020 9:27,4,0.027579567,212.525271,118898,37887,22597
Vinnytsia,aug_2019_07,8,2019,8/7/2019 9:23,2,0.027579567,212.5252607,223378,64379,43228
Vinnytsia,aug_2020_26,8,2020,8/26/2020 9:17,2,0.009099682,68.68113219,124625,22546,12714
Vinnytsia,feb_2019_21,2,2019,2/21/2019 9:35,3,0.027579567,212.5252759,3560,72,6
Vinnytsia,feb_2022_23,2,2022,2/23/2022 9:32,2,0.027579567,212.5252922,172654,37413,19243
Vinnytsia,mar_2020_04,3,2020,3/4/2020 9:25,2,0.019409069,150.3132867,15678,3063,1609
Vinnytsia,mar_2020_12,3,2020,3/12/2020 9:18,3,0.017810824,137.6386325,170599,52833,32496
Vinnytsia,mar_2022_31,3,2022,3/31/2022 8:58,3,0.027579567,212.5252722,262827,68590,47199
Vinnytsia,sep_2020_06,9,2020,9/6/2020 9:26,6,0.021036567,158.1167647,100118,22916,15067
Vinnytsia,sep_2020_14,9,2020,9/14/2020 9:16,0,0.008965985,67.61865364,85605,21812,13640
Zaporizhzhia,apr_2019_20,4,2019,4/20/2019 9:02,5,0.009841319,78.16016023,67421,6659,1623
Zaporizhzhia,apr_2019_27,4,2019,4/27/2019 9:02,5,0.007047198,55.95520645,62434,14830,9673
Zaporizhzhia,aug_2021_27,8,2021,8/27/2021 8:52,4,0.058417301,459.9928288,218607,41086,25158
Zaporizhzhia,b_s1,8,2021,8/27/2021 8:52,4,0.058417301,459.9928288,218607,41086,25158
Zaporizhzhia,feb_2019_19,2,2019,2/19/2019 8:51,1,0.001303097,10.44293387,4778,321,109
Zaporizhzhia,jan_2020_23,1,2020,1/23/2020 8:25,3,0.005354901,42.99473248,7436,685,211
Zaporizhzhia,mar_2020_19,3,2020,3/19/2020 9:04,3,0.058417301,459.9932008,155383,27460,12948
Zaporizhzhia,mar_2022_12,3,2022,3/12/2022 8:25,5,0.024945738,197.415535,80653,10891,4588
Zaporizhzhia,may_2022_06,5,2022,5/6/2022 8:51,4,0.022966583,189.261493,209067,77121,29175
Zaporizhzhia,oct_2020_09,10,2020,10/9/2020 8:49,4,0.029264021,234.2160154,93109,15797,6458
Zaporizhzhia,sep_2019_12,9,2019,9/12/2019 8:56,3,0.033814757,269.7492163,265225,46670,29864
Zaporizhzhia,sep_2019_19,9,2019,9/19/2019 9:07,3,0.055730337,441.5245716,275769,54092,31091
Zhytomyr,aug_2019_25,8,2019,8/25/2019 9:26,6,0.021331832,159.6231489,44900,5721,2147
Zhytomyr,dec_2019_04,12,2019,12/4/2019 9:12,2,0.024781027,182.4521179,217663,17546,8700
Zhytomyr,dec_2021_04,12,2021,12/4/2021 9:11,5,0.02486459,182.5586361,120382,18121,9125
Zhytomyr,feb_2019_21,2,2019,2/21/2019 9:35,3,0.012553734,95.34743993,23038,2637,1136
Zhytomyr,feb_2020_06,2,2020,2/6/2020 9:25,3,0.01311884,99.87502929,47784,15375,10392
Zhytomyr,feb_2022_14,2,2022,2/14/2022 9:22,0,0.002310876,17.3797608,1778,283,135
Zhytomyr,feb_2022_22,2,2022,2/22/2022 9:17,1,0.022276553,166.2144544,189788,28284,14242
Zhytomyr,feb_2022_23,2,2022,2/23/2022 9:31,2,0.012332246,93.61462838,475,54,30
Zhytomyr,jan_2019_24,1,2019,1/24/2019 9:21,3,0.013161481,100.9781143,54723,10793,5313
Zhytomyr,mar_2019_23,3,2019,3/23/2019 9:44,5,0.023580663,174.1241793,194560,32360,17930
Zhytomyr,may_2021_11,5,2021,5/11/2021 8:58,1,0.000258032,1.986485816,554,113,62
Zhytomyr,sep_2020_14,9,2020,9/14/2020 9:16,0,0.020755914,154.0879173,167995,42152,26958
Zhytomyr,sep_2021_10,9,2021,9/10/2021 9:04,4,0.00031362,2.354827419,152,3,0
