"City","Date","Npop_img","Npop_aoi","Proportion","Pop_threshold"
"Alchevsk","apr_2021_25",8725.1796875,105562.390625,0.0826542449052271,"Below"
"Alchevsk","apr_2022_27",91231.90625,105562.390625,0.864246306945552,"Above"
"Alchevsk","aug_2019_24",105720.9453125,105562.390625,1.00150199978005,"Above"
"Alchevsk","aug_2020_23",3235.1083984375,105562.390625,0.0306464108977022,"Below"
"Alchevsk","aug_2021_07",103711.3125,105562.390625,0.982464605869189,"Above"
"Alchevsk","aug_2021_09",45039.10546875,105562.390625,0.426658634785442,"Below"
"Alchevsk","aug_2021_25",6010.71435546875,105562.390625,0.0569399226360951,"Below"
"Alchevsk","dec_2019_02",103330.40625,105562.390625,0.978856253995527,"Above"
"Alchevsk","dec_2019_16",106201.390625,105562.390625,1.00605329223994,"Above"
"Alchevsk","dec_2021_20",106200.1796875,105562.390625,1.00604182094327,"Above"
"Alchevsk","dec_2021_22",87017.0078125,105562.390625,0.824318275640605,"Above"
"Alchevsk","feb_2020_10",96875.4375,105562.390625,0.917707878027701,"Above"
"Alchevsk","feb_2021_23",53794.3671875,105562.390625,0.509597848902449,"Above"
"Alchevsk","feb_2022_13",591.751647949219,105562.390625,0.0056057052558743,"Below"
"Alchevsk","jan_2022_08",56967.75390625,105562.390625,0.539659565958698,"Above"
"Alchevsk","jan_2022_21",10224.55078125,105562.390625,0.0968578934288416,"Below"
"Alchevsk","jul_2019_03",61476.3203125,105562.390625,0.582369534722727,"Above"
"Alchevsk","jul_2019_28",94197.796875,105562.390625,0.892342398815392,"Above"
"Alchevsk","jul_2019_29",581.390502929688,105562.390625,0.00550755339555562,"Below"
"Alchevsk","jul_2020_26",105596.75,105562.390625,1.00032548879195,"Above"
"Alchevsk","jul_2021_02",2574.90551757812,105562.390625,0.0243922622662575,"Below"
"Alchevsk","jul_2021_10",36866.46484375,105562.390625,0.349238631537955,"Below"
"Alchevsk","jul_2021_12",88803.3984375,105562.390625,0.841240880504169,"Above"
"Alchevsk","jul_2021_27",74980.171875,105562.390625,0.710292476620387,"Above"
"Alchevsk","jul_2022_15",1339.943359375,105562.390625,0.0126933783087105,"Below"
"Alchevsk","jun_2021_27",64251.81640625,105562.390625,0.608662005718478,"Above"
"Alchevsk","jun_2021_30",54581.03125,105562.390625,0.517049973260778,"Above"
"Alchevsk","jun_2022_12",103376.578125,105562.390625,0.979293643436279,"Above"
"Alchevsk","mar_2019_05",12783.3447265625,105562.390625,0.121097529630359,"Below"
"Alchevsk","mar_2019_14",103221.171875,105562.390625,0.977821469027573,"Above"
"Alchevsk","may_2019_29",106201.390625,105562.390625,1.00605329223994,"Above"
"Alchevsk","may_2021_29",57619.91015625,105562.390625,0.545837488286326,"Above"
"Alchevsk","may_2021_31",55582.3046875,105562.390625,0.526535107422403,"Above"
"Alchevsk","may_2022_06",104195.703125,105562.390625,0.987053272553716,"Above"
"Alchevsk","nov_2021_07",86719.71875,105562.390625,0.821502035304063,"Above"
"Alchevsk","nov_2021_18",4562.21240234375,105562.390625,0.0432181610830562,"Below"
"Alchevsk","oct_2019_09",59151.79296875,105562.390625,0.560349122623425,"Above"
"Alchevsk","oct_2020_15",1775.1123046875,105562.390625,0.0168157645367602,"Below"
"Alchevsk","oct_2020_20",51935.9453125,105562.390625,0.491992886907965,"Below"
"Alchevsk","oct_2021_21",605.285400390625,105562.390625,0.00573391145091477,"Below"
"Alchevsk","sep_2019_12",106201.390625,105562.390625,1.00605329223994,"Above"
"Alchevsk","sep_2020_20",65610.8671875,105562.390625,0.621536389987379,"Above"
"Alchevsk","sep_2020_24",1496.85876464844,105562.390625,0.0141798490521675,"Below"
"Alchevsk","sep_2021_08",30407.484375,105562.390625,0.288052252274388,"Below"
"Berdychiv","feb_2019_21",71715.6484375,71342.421875,1.00523148153218,"Above"
"Berehove","apr_2020_20",45661.859375,51419.96484375,0.888018097907162,"Above"
"Berehove","aug_2022_04",13992.169921875,51419.96484375,0.272115509304471,"Below"
"Berehove","jan_2022_09",51927.3125,51419.96484375,1.00986674451824,"Above"
"Berehove","jul_2021_17",17781.65234375,51419.96484375,0.345812222894029,"Below"
"Berehove","jul_2021_18",15870.0830078125,51419.96484375,0.308636597789146,"Below"
"Berehove","jul_2021_22",2427.6748046875,51419.96484375,0.0472126889247101,"Below"
"Berehove","jul_2022_10",12970.7373046875,51419.96484375,0.252250995194215,"Below"
"Berehove","jul_2022_16",7801.1064453125,51419.96484375,0.151713570186556,"Below"
"Berehove","jun_2019_10",39904.0546875,51419.96484375,0.776042045317545,"Above"
"Berehove","mar_2022_03",50728.4140625,51419.96484375,0.986550928547862,"Above"
"Berehove","mar_2022_27",44667.96484375,51419.96484375,0.868689136203859,"Above"
"Berehove","may_2021_21",4289.41796875,51419.96484375,0.0834193096355524,"Below"
"Berehove","may_2021_24",7843.74658203125,51419.96484375,0.152542822731716,"Below"
"Berehove","may_2022_03",4206.02734375,51419.96484375,0.0817975538593009,"Below"
"Berehove","may_2022_12",11472.6875,51419.96484375,0.223117373472776,"Below"
"Berehove","may_2022_14",44420.64453125,51419.96484375,0.863879325204347,"Above"
"Bila_Tserkva","apr_2019_03",221830.921875,226356.6875,0.980006044111244,"Above"
"Bila_Tserkva","apr_2019_10",148416.03125,226356.6875,0.655673277821756,"Above"
"Bila_Tserkva","apr_2019_26",208847.34375,226356.6875,0.922647110878931,"Above"
"Bila_Tserkva","aug_2020_26",219181.234375,226356.6875,0.968300237981703,"Above"
"Bila_Tserkva","aug_2021_16",38197.28515625,226356.6875,0.168748206991896,"Below"
"Bila_Tserkva","aug_2022_28",227083.296875,226356.6875,1.00321001947424,"Above"
"Bila_Tserkva","aug_2022_30",224762.09375,226356.6875,0.992955393685906,"Above"
"Bila_Tserkva","jan_2019_25",119522.90625,226356.6875,0.528029048180872,"Above"
"Bila_Tserkva","jul_2022_06",224078.78125,226356.6875,0.989936651418792,"Above"
"Bila_Tserkva","jun_2019_11",14993.3623046875,226356.6875,0.0662377704422252,"Below"
"Bila_Tserkva","jun_2019_18",222522.84375,226356.6875,0.983062820929468,"Above"
"Bila_Tserkva","jun_2022_30",177352.828125,226356.6875,0.783510441347133,"Above"
"Bila_Tserkva","mar_2019_03",224797.484375,226356.6875,0.993111742611978,"Above"
"Bila_Tserkva","mar_2021_30",225074.234375,226356.6875,0.9943343705054,"Above"
"Bila_Tserkva","may_2022_12",227072.359375,226356.6875,1.00316169971784,"Above"
"Bila_Tserkva","nov_2021_13",226775.078125,226356.6875,1.00184836873883,"Above"
"Bila_Tserkva","oct_2020_14",3287.70581054688,226356.6875,0.0145244474411514,"Below"
"Bila_Tserkva","oct_2020_27",221672.546875,226356.6875,0.97930637403854,"Above"
"Bila_Tserkva","oct_2021_01",227083.296875,226356.6875,1.00321001947424,"Above"
"Bila_Tserkva","oct_2021_26",227083.296875,226356.6875,1.00321001947424,"Above"
"Cherkasy","apr_2020_18",336954.03125,335324.59375,1.00485928419916,"Above"
"Cherkasy","aug_2021_15",213487.53125,335324.59375,0.636659330180729,"Above"
"Cherkasy","aug_2022_21",300343.65625,335324.59375,0.895680370148812,"Above"
"Cherkasy","feb_2020_19",7411.27392578125,335324.59375,0.0221017905155704,"Below"
"Cherkasy","jan_2019_09",228582.703125,335324.59375,0.681675926506658,"Above"
"Cherkasy","jul_2022_21",290606.65625,335324.59375,0.866642834037579,"Above"
"Cherkasy","jun_2021_24",191905.3125,335324.59375,0.572297159459393,"Above"
"Cherkasy","mar_2019_18",7011.18603515625,335324.59375,0.0209086543779828,"Below"
"Cherkasy","mar_2021_30",257550.5625,335324.59375,0.768063444496457,"Above"
"Cherkasy","may_2019_30",308697.53125,335324.59375,0.920593171523077,"Above"
"Cherkasy","nov_2021_11",280683.9375,335324.59375,0.837051450241263,"Above"
"Cherkasy","nov_2021_12",3497.15576171875,335324.59375,0.0104291657304625,"Below"
"Cherkasy","sep_2020_19",281064.84375,335324.59375,0.838187383176394,"Above"
"Chernihiv","apr_2019_03",283380.28125,295522.96875,0.958911188692503,"Above"
"Chernihiv","apr_2022_28",295714.15625,295522.96875,1.00064694632979,"Above"
"Chernihiv","aug_2019_07",76522.1484375,295522.96875,0.258938074293083,"Below"
"Chernihiv","aug_2019_19",84492.0078125,295522.96875,0.285906737367601,"Below"
"Chernihiv","aug_2022_12",296264.71875,295522.96875,1.00250995718924,"Above"
"Chernihiv","feb_2020_25",287118.875,295522.96875,0.971561960867043,"Above"
"Chernihiv","feb_2022_28",296464.25,295522.96875,1.00318513736506,"Above"
"Chernihiv","jul_2019_26",118523.9609375,295522.96875,0.401065140347065,"Below"
"Chernihiv","jul_2022_22",294300,295522.96875,0.995861679533158,"Above"
"Chernihiv","jun_2019_21",296464.25,295522.96875,1.00318513736506,"Above"
"Chernihiv","jun_2020_16",296464.25,295522.96875,1.00318513736506,"Above"
"Chernihiv","mar_2020_03",228907.359375,295522.96875,0.774583986968018,"Above"
"Chernihiv","mar_2021_30",296464.25,295522.96875,1.00318513736506,"Above"
"Chernihiv","mar_2022_10",296464.25,295522.96875,1.00318513736506,"Above"
"Chernihiv","mar_2022_16",153998.90625,295522.96875,0.521106386083569,"Above"
"Chernihiv","mar_2022_18",296464.25,295522.96875,1.00318513736506,"Above"
"Chernihiv","mar_2022_19",296464.25,295522.96875,1.00318513736506,"Above"
"Chernihiv","mar_2022_20",296464.25,295522.96875,1.00318513736506,"Above"
"Chernihiv","mar_2022_21",296464.25,295522.96875,1.00318513736506,"Above"
"Chernihiv","mar_2022_22",296464.25,295522.96875,1.00318513736506,"Above"
"Chernihiv","sep_2020_06",284435.4375,295522.96875,0.96248165989636,"Above"
"Chernihiv","sep_2021_15",296464.25,295522.96875,1.00318513736506,"Above"
"Chernihiv","sep_2022_04",258605.015625,295522.96875,0.875075858634085,"Above"
"Chernivtsi","aug_2020_04",209534.859375,325867.46875,0.643006373660918,"Above"
"Chernivtsi","aug_2021_08",323488.4375,325867.46875,0.9926993901566,"Above"
"Chernivtsi","feb_2020_23",321352.15625,325867.46875,0.986143715059007,"Above"
"Chernivtsi","feb_2021_04",326638.34375,325867.46875,1.00236560894819,"Above"
"Chernivtsi","feb_2021_26",326638.34375,325867.46875,1.00236560894819,"Above"
"Chernivtsi","jul_2019_29",268904.59375,325867.46875,0.825196190284029,"Above"
"Chernivtsi","mar_2019_01",326638.34375,325867.46875,1.00236560894819,"Above"
"Chernivtsi","mar_2019_03",326638.34375,325867.46875,1.00236560894819,"Above"
"Chernivtsi","mar_2019_10",22757.55078125,325867.46875,0.0698368292746313,"Below"
"Chernivtsi","mar_2021_30",138041.90625,325867.46875,0.423613645079446,"Below"
"Chernivtsi","may_2020_01",311169.0625,325867.46875,0.954894527194194,"Above"
"Chernivtsi","may_2022_20",271434.34375,325867.46875,0.832959315611341,"Above"
"Chernivtsi","oct_2019_10",326556.0625,325867.46875,1.00211310982542,"Above"
"Chernivtsi","sep_2020_25",313071.0625,325867.46875,0.960731255871947,"Above"
"Chernivtsi","sep_2022_19",304215.6875,325867.46875,0.933556481311085,"Above"
"Chortkiv","jul_2019_29",1088.45495605469,30881.5234375,0.0352461548167328,"Below"
"Chortkiv","mar_2020_29",501.07373046875,30881.5234375,0.0162256804293627,"Below"
"Chortkiv","mar_2021_06",1672.65466308594,30881.5234375,0.0541636058360645,"Below"
"Chortkiv","mar_2021_24",243.561233520508,30881.5234375,0.00788695654906542,"Below"
"Chortkiv","may_2020_01",10542.1982421875,30881.5234375,0.341375588659785,"Below"
"Chortkiv","sep_2020_25",27925.443359375,30881.5234375,0.90427674061781,"Above"
"Dnipro","apr_2019_22",710542.5,963175.1875,0.73770847632015,"Above"
"Dnipro","apr_2019_27",249198.328125,963175.1875,0.258725859385783,"Below"
"Dnipro","apr_2020_02",951747.25,963175.1875,0.98813514130315,"Above"
"Dnipro","apr_2020_10",717722,963175.1875,0.745162468172489,"Above"
"Dnipro","aug_2019_14",929718.9375,963175.1875,0.9652646263793,"Above"
"Dnipro","aug_2019_24",4017.01220703125,963175.1875,0.00417059353185554,"Below"
"Dnipro","aug_2022_10",20078.884765625,963175.1875,0.0208465552541292,"Below"
"Dnipro","aug_2022_27",918939.4375,963175.1875,0.954072996715356,"Above"
"Dnipro","feb_2020_02",726812.9375,963175.1875,0.754600976989973,"Above"
"Dnipro","feb_2021_19",963860.5625,963175.1875,1.0007115787542,"Above"
"Dnipro","jan_2020_08",694151.75,963175.1875,0.720691063275548,"Above"
"Dnipro","jan_2020_09",1766.32043457031,963175.1875,0.00183385167879474,"Below"
"Dnipro","jan_2020_16",769915.5625,963175.1875,0.799351532817596,"Above"
"Dnipro","jan_2022_13",781103.6875,963175.1875,0.810967410328975,"Above"
"Dnipro","jul_2019_22",732116.1875,963175.1875,0.760106984691194,"Above"
"Dnipro","jul_2019_24",74179.359375,963175.1875,0.0770154384557378,"Below"
"Dnipro","jun_2021_05",951349,963175.1875,0.987721665120241,"Above"
"Dnipro","jun_2021_30",41815.2578125,963175.1875,0.0434139690838952,"Below"
"Dnipro","mar_2020_01",68723.3515625,963175.1875,0.0713508325945118,"Below"
"Dnipro","oct_2020_08",450604.59375,963175.1875,0.467832435467509,"Below"
"Dnipro","oct_2021_09",34081.30078125,963175.1875,0.035384321796859,"Below"
"Dnipro","sep_2019_01",783331,963175.1875,0.81327987905627,"Above"
"Dnipro","sep_2021_30",439864.21875,963175.1875,0.456681426658948,"Below"
"Donetsk","apr_2020_10",413160.4375,720651.6875,0.573315021204332,"Above"
"Donetsk","apr_2021_25",347717.5,720651.6875,0.4825042472408,"Below"
"Donetsk","apr_2022_25",386795.875,720651.6875,0.536730686556534,"Above"
"Donetsk","apr_2022_27",19900.880859375,720651.6875,0.0276151172675565,"Below"
"Donetsk","aug_2020_04",223636.046875,720651.6875,0.310324739057799,"Below"
"Donetsk","aug_2020_18",266495.90625,720651.6875,0.369798490550263,"Below"
"Donetsk","dec_2019_20",18126.638671875,720651.6875,0.0251531204134938,"Below"
"Donetsk","feb_2020_16",113572.78125,720651.6875,0.157597329222933,"Below"
"Donetsk","feb_2022_15",728351.4375,720651.6875,1.01068442651777,"Above"
"Donetsk","jan_2020_02",70689.71875,720651.6875,0.098091380310547,"Below"
"Donetsk","jul_2020_06",636198.25,720651.6875,0.882809630554012,"Above"
"Donetsk","jul_2020_12",5989.33740234375,720651.6875,0.00831100170336276,"Below"
"Donetsk","jul_2021_08",188419.171875,720651.6875,0.261456644233557,"Below"
"Donetsk","jul_2021_13",102226.078125,720651.6875,0.141852270518689,"Below"
"Donetsk","jul_2022_07",381889.875,720651.6875,0.52992295948797,"Above"
"Donetsk","jul_2022_19",120289.59375,720651.6875,0.166917799314804,"Below"
"Donetsk","jul_2022_20",373206.40625,720651.6875,0.51787349245609,"Above"
"Donetsk","jul_2022_27",465832.15625,720651.6875,0.646404031698046,"Above"
"Donetsk","jul_2022_30",81840.828125,720651.6875,0.113565026689818,"Below"
"Donetsk","jun_2019_27",214701.109375,720651.6875,0.297926325711962,"Below"
"Donetsk","jun_2021_21",560518.9375,720651.6875,0.777794525736124,"Above"
"Donetsk","jun_2022_01",642332.6875,720651.6875,0.891321977928484,"Above"
"Donetsk","jun_2022_13",376744.5,720651.6875,0.522783067790985,"Above"
"Donetsk","jun_2022_17",150157.421875,720651.6875,0.208363380644967,"Below"
"Donetsk","mar_2020_17",728788.125,720651.6875,1.01129038846523,"Above"
"Donetsk","mar_2022_11",264867.6875,720651.6875,0.367539120624067,"Below"
"Donetsk","mar_2022_18",489620.6875,720651.6875,0.679413780599799,"Above"
"Donetsk","mar_2022_26",491095.9375,720651.6875,0.681460886053916,"Above"
"Donetsk","mar_2022_30",688790.875,720651.6875,0.955788887957055,"Above"
"Donetsk","may_2019_20",495417.75,720651.6875,0.687457975320428,"Above"
"Donetsk","may_2019_27",17458.552734375,720651.6875,0.0242260623782623,"Below"
"Donetsk","may_2019_31",318716.21875,720651.6875,0.442261114874584,"Below"
"Donetsk","may_2022_07",18697.466796875,720651.6875,0.0259452203071057,"Below"
"Donetsk","may_2022_08",41053.38671875,720651.6875,0.0569670305791798,"Below"
"Donetsk","nov_2019_15",14323.451171875,720651.6875,0.0198756922662101,"Below"
"Donetsk","nov_2020_19",296651.4375,720651.6875,0.411643298205695,"Below"
"Donetsk","oct_2019_03",295952.9375,720651.6875,0.410674036616337,"Below"
"Donetsk","oct_2019_14",95784.75,720651.6875,0.132914071612439,"Below"
"Donetsk","oct_2019_31",719090.0625,720651.6875,0.997833037753068,"Above"
"Donetsk","oct_2020_07",10804.69140625,720651.6875,0.0149929454043636,"Below"
"Donetsk","oct_2021_16",729499.9375,720651.6875,1.01227812291774,"Above"
"Donetsk","oct_2021_21",474664.84375,720651.6875,0.658660559578583,"Above"
"Donetsk","sep_2019_24",686316.5625,720651.6875,0.952355450496326,"Above"
"Donetsk","sep_2019_25",17508.484375,720651.6875,0.024295349166167,"Below"
"Donetsk","sep_2020_26",7933.60205078125,720651.6875,0.011008927320081,"Below"
"Donetsk","sep_2021_14",249223.34375,720651.6875,0.345830514342617,"Below"
"Donetsk","sep_2021_15",330743.5,720651.6875,0.458950566184583,"Below"
"Donetsk","sep_2022_02",47175.15625,720651.6875,0.0654617994632809,"Below"
"Donetsk","sep_2022_03",523246,720651.6875,0.726073370916793,"Above"
"Drohobych","jan_2019_19",120175.59375,120096.03125,1.00066249066828,"Above"
"Drohobych","mar_2019_17",102625.59375,120096.03125,0.854529435168158,"Above"
"Drohobych","mar_2019_23",91502.4609375,120096.03125,0.761910780773615,"Above"
"Drohobych","nov_2019_12",120175.59375,120096.03125,1.00066249066828,"Above"
"Drohobych","nov_2020_19",113320.453125,120096.03125,0.94358199805208,"Above"
"Drohobych","nov_2021_13",118956.3359375,120096.03125,0.990510133427078,"Above"
"Drohobych","oct_2021_06",120175.59375,120096.03125,1.00066249066828,"Above"
"Hremiach","apr_2019_23",804.258422851562,804.258422851562,1,"Above"
"Hremiach","aug_2020_23",41.7577247619629,804.258422851562,0.0519207801565914,"Below"
"Hremiach","may_2019_03",165.55500793457,804.258422851562,0.205848025001195,"Below"
"Hremiach","may_2019_20",41.7577247619629,804.258422851562,0.0519207801565914,"Below"
"Ivano-Frankivsk","apr_2022_20",325013,330361.46875,0.98381025253872,"Above"
"Ivano-Frankivsk","aug_2019_17",306737.3125,330361.46875,0.928489976935302,"Above"
"Ivano-Frankivsk","aug_2022_25",308214.8125,330361.46875,0.932962350803812,"Above"
"Ivano-Frankivsk","feb_2019_07",303961.0625,330361.46875,0.920086303194219,"Above"
"Ivano-Frankivsk","jan_2019_19",288758.34375,330361.46875,0.874067865246467,"Above"
"Ivano-Frankivsk","jan_2020_02",302203.75,330361.46875,0.914766940416686,"Above"
"Ivano-Frankivsk","jan_2020_25",332004.21875,330361.46875,1.00497258353468,"Above"
"Ivano-Frankivsk","jan_2022_21",332004.21875,330361.46875,1.00497258353468,"Above"
"Ivano-Frankivsk","jul_2019_21",332004.21875,330361.46875,1.00497258353468,"Above"
"Ivano-Frankivsk","jul_2020_16",302629.34375,330361.46875,0.916055207331136,"Above"
"Ivano-Frankivsk","jul_2021_25",214341.96875,330361.46875,0.648810436522797,"Above"
"Ivano-Frankivsk","jul_2022_18",138952.296875,330361.46875,0.420606850431918,"Below"
"Ivano-Frankivsk","jul_2022_21",294955.40625,330361.46875,0.892826295288106,"Above"
"Ivano-Frankivsk","mar_2021_03",296655.15625,330361.46875,0.897971417104011,"Above"
"Ivano-Frankivsk","mar_2022_21",331993.53125,330361.46875,1.00494023260695,"Above"
"Ivano-Frankivsk","may_2022_06",203821.875,330361.46875,0.616966245401462,"Above"
"Ivano-Frankivsk","may_2022_18",312194.6875,330361.46875,0.945009382242008,"Above"
"Ivano-Frankivsk","nov_2019_29",319576.65625,330361.46875,0.967354508560557,"Above"
"Ivano-Frankivsk","oct_2021_22",5775.17578125,330361.46875,0.0174813842640358,"Below"
"Kamyanets-Podilskyi","aug_2021_08",90278.625,90048.875,1.00255139223005,"Above"
"Kamyanets-Podilskyi","feb_2019_08",90278.625,90048.875,1.00255139223005,"Above"
"Kamyanets-Podilskyi","feb_2019_16",90278.625,90048.875,1.00255139223005,"Above"
"Kamyanets-Podilskyi","feb_2019_19",90278.625,90048.875,1.00255139223005,"Above"
"Kamyanets-Podilskyi","feb_2020_23",90278.625,90048.875,1.00255139223005,"Above"
"Kamyanets-Podilskyi","feb_2021_25",90278.625,90048.875,1.00255139223005,"Above"
"Kamyanets-Podilskyi","jun_2022_04",89725.1796875,90048.875,0.996405337518098,"Above"
"Kamyanets-Podilskyi","mar_2020_27",90278.625,90048.875,1.00255139223005,"Above"
"Kamyanets-Podilskyi","may_2021_07",90278.625,90048.875,1.00255139223005,"Above"
"Katerynivka","apr_2020_04",32749.404296875,33536.75390625,0.976522784179531,"Above"
"Katerynivka","aug_2021_16",31026.181640625,33536.75390625,0.925139675931572,"Above"
"Katerynivka","feb_2020_29",30480.662109375,33536.75390625,0.908873357110884,"Above"
"Katerynivka","jul_2020_25",33596.13671875,33536.75390625,1.00177067860133,"Above"
"Katerynivka","mar_2019_18",30583.021484375,33536.75390625,0.911925512226616,"Above"
"Katerynivka","mar_2019_27",31154.978515625,33536.75390625,0.928980145267395,"Above"
"Katerynivka","sep_2020_06",1491.76025390625,33536.75390625,0.0444813549360316,"Below"
"Kharkiv","apr_2020_02",596763.6875,1444516.5,0.413123482840106,"Below"
"Kharkiv","apr_2020_07",1453146.875,1444516.5,1.00597457696053,"Above"
"Kharkiv","apr_2022_05",989490.75,1444516.5,0.684997886836184,"Above"
"Kharkiv","apr_2022_07",788861,1444516.5,0.546107296109113,"Above"
"Kharkiv","apr_2022_16",7885.8466796875,1444516.5,0.00545915998861038,"Below"
"Kharkiv","apr_2022_22",76782.7578125,1444516.5,0.0531546422713067,"Below"
"Kharkiv","apr_2022_24",297231.1875,1444516.5,0.205765172983486,"Below"
"Kharkiv","apr_2022_25",516.374145507812,1444516.5,0.0003574719606926,"Below"
"Kharkiv","aug_2021_02",852913.125,1444516.5,0.590448862993258,"Above"
"Kharkiv","aug_2022_22",1074909.375,1444516.5,0.744130908162004,"Above"
"Kharkiv","feb_2021_19",1349715.875,1444516.5,0.934372071900875,"Above"
"Kharkiv","feb_2022_20",1453146.875,1444516.5,1.00597457696053,"Above"
"Kharkiv","jan_2021_18",1272645.375,1444516.5,0.881018233436586,"Above"
"Kharkiv","jan_2022_13",601461.6875,1444516.5,0.416375782138868,"Below"
"Kharkiv","jul_2021_14",983526.75,1444516.5,0.680869169718726,"Above"
"Kharkiv","jul_2021_15",1334815.625,1444516.5,0.924057028770526,"Above"
"Kharkiv","jul_2022_09",1221178.875,1444516.5,0.845389356923233,"Above"
"Kharkiv","jun_2019_16",276491.9375,1444516.5,0.191407946880496,"Below"
"Kharkiv","jun_2020_09",1453146.875,1444516.5,1.00597457696053,"Above"
"Kharkiv","jun_2020_14",591502.0625,1444516.5,0.409481001082369,"Below"
"Kharkiv","jun_2021_24",746703.1875,1444516.5,0.516922574093131,"Above"
"Kharkiv","jun_2022_15",1301008.875,1444516.5,0.900653523168479,"Above"
"Kharkiv","mar_2020_01",1453146.875,1444516.5,1.00597457696053,"Above"
"Kharkiv","mar_2022_16",1427120.5,1444516.5,0.987957216134257,"Above"
"Kharkiv","mar_2022_17",547297.8125,1444516.5,0.378879585314533,"Below"
"Kharkiv","mar_2022_19",721098.375,1444516.5,0.499197049670253,"Below"
"Kharkiv","mar_2022_22",465349.78125,1444516.5,0.32214916288599,"Below"
"Kharkiv","mar_2022_23",575684.375,1444516.5,0.398530840596144,"Below"
"Kharkiv","may_2021_22",1231358.75,1444516.5,0.852436611142898,"Above"
"Kharkiv","may_2021_25",1051250.875,1444516.5,0.727752763640983,"Above"
"Kharkiv","may_2021_28",858212.9375,1444516.5,0.594117780932236,"Above"
"Kharkiv","may_2022_05",1262247.125,1444516.5,0.873819804065928,"Above"
"Kharkiv","may_2022_08",97818.78125,1444516.5,0.067717316659242,"Below"
"Kharkiv","may_2022_20",901668.5625,1444516.5,0.62420094370677,"Above"
"Kharkiv","nov_2021_17",1355270.375,1444516.5,0.938217303159915,"Above"
"Kharkiv","oct_2020_08",1150749.5,1444516.5,0.79663299103887,"Above"
"Kharkiv","oct_2020_09",216642.15625,1444516.5,0.149975549777382,"Below"
"Kharkiv","oct_2021_09",41298.44140625,1444516.5,0.028589802474565,"Below"
"Kharkiv","oct_2021_10",1246219.875,1444516.5,0.862724569085919,"Above"
"Kharkiv","sep_2022_01",1379615.375,1444516.5,0.955070693204266,"Above"
"Kharkiv","sep_2022_03",420291.1875,1444516.5,0.290956307871873,"Below"
"Kherson","apr_2020_24",220452.421875,326290.53125,0.675632299320669,"Above"
"Kherson","apr_2020_29",214729.90625,326290.53125,0.658094200366104,"Above"
"Kherson","apr_2022_07",107942.7421875,326290.53125,0.330817881150206,"Below"
"Kherson","apr_2022_15",326733,326290.53125,1.00135605758557,"Above"
"Kherson","apr_2022_20",117975.3984375,326290.53125,0.361565498041096,"Below"
"Kherson","apr_2022_25",150415.078125,326290.53125,0.460985115163375,"Below"
"Kherson","aug_2019_19",326736.46875,326290.53125,1.00136668844876,"Above"
"Kherson","aug_2021_22",326736.46875,326290.53125,1.00136668844876,"Above"
"Kherson","aug_2022_19",322795.5,326290.53125,0.989288591254516,"Above"
"Kherson","aug_2022_23",10043.90625,326290.53125,0.0307820953661217,"Below"
"Kherson","aug_2022_29",94997.8515625,326290.53125,0.29114498419114,"Below"
"Kherson","jul_2019_12",317474.71875,326290.53125,0.972981709073116,"Above"
"Kherson","jul_2022_22",144926.921875,326290.53125,0.444165269889363,"Below"
"Kherson","mar_2021_04",326736.46875,326290.53125,1.00136668844876,"Above"
"Kherson","mar_2022_14",127013.8359375,326290.53125,0.389266079683396,"Below"
"Kherson","mar_2022_16",326736.46875,326290.53125,1.00136668844876,"Above"
"Kherson","mar_2022_31",326736.46875,326290.53125,1.00136668844876,"Above"
"Kherson","may_2022_07",4002.99829101562,326290.53125,0.0122682024381166,"Below"
"Kherson","may_2022_08",5220.9287109375,326290.53125,0.0160008587774105,"Below"
"Kherson","nov_2021_11",326736.46875,326290.53125,1.00136668844876,"Above"
"Kherson","sep_2020_09",132524.09375,326290.53125,0.406153660795206,"Below"
"Kherson","sep_2022_21",43574.91015625,326290.53125,0.133546352048026,"Below"
"Khmelnytskyi","aug_2020_15",193260.890625,290621.875,0.664990860116775,"Above"
"Khmelnytskyi","aug_2020_26",173835.703125,290621.875,0.598150786567597,"Above"
"Khmelnytskyi","dec_2019_31",3447.11572265625,290621.875,0.0118611708862461,"Below"
"Khmelnytskyi","feb_2020_07",144747.25,290621.875,0.498060409251712,"Below"
"Khmelnytskyi","feb_2021_25",271233.40625,290621.875,0.933286271895397,"Above"
"Khmelnytskyi","jan_2020_08",1874.64794921875,290621.875,0.00645047090560114,"Below"
"Khmelnytskyi","jan_2020_25",175196.625,290621.875,0.602833578855687,"Above"
"Khmelnytskyi","jul_2019_01",290817.53125,290621.875,1.00067323304552,"Above"
"Khmelnytskyi","jul_2022_02",223295.046875,290621.875,0.768335304680695,"Above"
"Khmelnytskyi","jun_2019_13",262382.4375,290621.875,0.902830998182776,"Above"
"Khmelnytskyi","jun_2019_18",2069.65234375,290621.875,0.00712146098345144,"Below"
"Khmelnytskyi","jun_2020_27",1451.66052246094,290621.875,0.00499501464733492,"Below"
"Khmelnytskyi","jun_2022_23",283179.96875,290621.875,0.974393165517909,"Above"
"Khmelnytskyi","mar_2020_23",3022.88940429688,290621.875,0.0104014517293197,"Below"
"Khmelnytskyi","may_2022_01",56639.17578125,290621.875,0.194889582146045,"Below"
"Khmelnytskyi","may_2022_12",58626.88671875,290621.875,0.201729091173023,"Below"
"Khmelnytskyi","nov_2019_05",286562.59375,290621.875,0.986032430456241,"Above"
"Khmelnytskyi","nov_2020_23",5986.13818359375,290621.875,0.0205976861982387,"Below"
"Khmelnytskyi","nov_2021_26",183164.421875,290621.875,0.630249948924182,"Above"
"Khmelnytskyi","oct_2021_15",284609.8125,290621.875,0.979313110893666,"Above"
"Khmelnytskyi","oct_2021_25",290817.53125,290621.875,1.00067323304552,"Above"
"Khmelnytskyi","sep_2021_30",247689.71875,290621.875,0.852274863170572,"Above"
"Kolomyiska","feb_2021_21",98326.265625,109813.515625,0.895393113182647,"Above"
"Kolomyiska","jul_2022_26",91583.515625,109813.515625,0.833991290632628,"Above"
"Kolomyiska","nov_2021_26",93266.5546875,109813.515625,0.849317628678733,"Above"
"Kolomyiska","oct_2021_25",2374.232421875,109813.515625,0.0216205847555479,"Below"
"Kolomyiska","sep_2019_13",41128.984375,109813.515625,0.37453481150217,"Below"
"Kolomyiska","sep_2022_05",84165.203125,109813.515625,0.766437561405593,"Above"
"Konotop","aug_2020_07",42583.52734375,67748.6796875,0.628551398199527,"Above"
"Konotop","aug_2021_16",67904.609375,67748.6796875,1.00230159005636,"Above"
"Konotop","aug_2022_05",67904.609375,67748.6796875,1.00230159005636,"Above"
"Konotop","jul_2020_11",67904.609375,67748.6796875,1.00230159005636,"Above"
"Konotop","jul_2022_03",67890.5390625,67748.6796875,1.00209390611971,"Above"
"Konotop","mar_2019_18",67904.609375,67748.6796875,1.00230159005636,"Above"
"Konotop","mar_2022_21",50291.74609375,67748.6796875,0.742328061974455,"Above"
"Konotop","nov_2019_15",67904.609375,67748.6796875,1.00230159005636,"Above"
"Konotop","oct_2020_28",0.41511344909668,67748.6796875,6.12725518801912e-06,"Below"
"Kovel","feb_2021_01",26332.34765625,82728,0.318300305292646,"Below"
"Kovel","feb_2021_23",78815.265625,82728,0.952703626643942,"Above"
"Kovel","mar_2019_20",83062.328125,82728,1.00404129345566,"Above"
"Kovel","may_2022_18",83054.296875,82728,1.00394421326516,"Above"
"Kozyatyn","feb_2019_21",138.491973876953,25100.298828125,0.00551754283187148,"Below"
"Kozyatyn","may_2021_11",25155.5390625,25100.298828125,1.00220077994901,"Above"
"Kramatorsk","aug_2022_08",131446.0625,129889.4609375,1.01198404821504,"Above"
"Kramatorsk","aug_2022_25",23930.2265625,129889.4609375,0.184235321247616,"Below"
"Kramatorsk","dec_2020_08",93145.46875,129889.4609375,0.717113367610476,"Above"
"Kramatorsk","jan_2022_12",117449.1328125,129889.4609375,0.904223729660515,"Above"
"Kramatorsk","jul_2022_24",131446.0625,129889.4609375,1.01198404821504,"Above"
"Kramatorsk","jun_2019_27",109269.2109375,129889.4609375,0.841247705155062,"Above"
"Kramatorsk","mar_2019_30",131446.0625,129889.4609375,1.01198404821504,"Above"
"Kramatorsk","may_2019_27",68005.375,129889.4609375,0.523563455488684,"Above"
"Kramatorsk","may_2020_02",47922.04296875,129889.4609375,0.368944813712092,"Below"
"Kramatorsk","nov_2019_15",58297.18359375,129889.4609375,0.448821506941209,"Below"
"Kramatorsk","nov_2019_24",55529.5078125,129889.4609375,0.427513575094592,"Below"
"Kramatorsk","oct_2020_10",5231.18359375,129889.4609375,0.0402741189007408,"Below"
"Kramatorsk","oct_2020_15",16630.6484375,129889.4609375,0.128036934771038,"Below"
"Kramatorsk","oct_2021_03",131446.0625,129889.4609375,1.01198404821504,"Above"
"Kramatorsk","sep_2020_12",97037.2734375,129889.4609375,0.747075803819005,"Above"
"Kramatorsk","sep_2020_15",32342.5078125,129889.4609375,0.249000246664066,"Below"
"Kramatorsk","sep_2021_01",131446.0625,129889.4609375,1.01198404821504,"Above"
"Kremenchuk","apr_2019_21",6053.87939453125,254701.828125,0.0237684960453452,"Below"
"Kremenchuk","apr_2022_07",69036.84375,254701.828125,0.27104965935352,"Below"
"Kremenchuk","aug_2019_26",1718.30236816406,254701.828125,0.00674632915206549,"Below"
"Kremenchuk","aug_2021_12",255545.4375,254701.828125,1.00331214495479,"Above"
"Kremenchuk","aug_2022_27",185294.96875,254701.828125,0.727497600288376,"Above"
"Kremenchuk","feb_2020_08",198.363037109375,254701.828125,0.000778804920913345,"Below"
"Kremenchuk","feb_2020_17",199056.84375,254701.828125,0.781528916440713,"Above"
"Kremenchuk","feb_2022_21",251375.90625,254701.828125,0.986941900262421,"Above"
"Kremenchuk","jan_2019_20",36616.27734375,254701.828125,0.143761344837226,"Below"
"Kremenchuk","jan_2021_17",197938.578125,254701.828125,0.777138427243081,"Above"
"Kremenchuk","jan_2021_18",242486.84375,254701.828125,0.952042023157348,"Above"
"Kremenchuk","mar_2019_18",411.071746826172,254701.828125,0.00161393324049653,"Below"
"Kremenchuk","mar_2019_21",217589.046875,254701.828125,0.854289301638675,"Above"
"Kremenchuk","mar_2021_04",255157.0625,254701.828125,1.00178732276227,"Above"
"Kremenchuk","mar_2022_17",163396.734375,254701.828125,0.641521639549481,"Above"
"Kremenchuk","oct_2019_15",197523.078125,254701.828125,0.775507107974355,"Above"
"Kremenchuk","oct_2021_04",6269.041015625,254701.828125,0.0246132548862128,"Below"
"Kremenchuk","sep_2019_07",255543.578125,254701.828125,1.00330484475199,"Above"
"Kropyvnytskyi","aug_2019_19",131107.09375,247735.65625,0.529221734709414,"Above"
"Kropyvnytskyi","aug_2019_20",13389.3857421875,247735.65625,0.0540470675269923,"Below"
"Kropyvnytskyi","aug_2020_18",248003.859375,247735.65625,1.00108261817883,"Above"
"Kropyvnytskyi","aug_2021_08",248003.859375,247735.65625,1.00108261817883,"Above"
"Kropyvnytskyi","aug_2022_13",244988.21875,247735.65625,0.988909801917139,"Above"
"Kropyvnytskyi","aug_2022_21",233269.03125,247735.65625,0.941604590881334,"Above"
"Kropyvnytskyi","jan_2021_17",164901.546875,247735.65625,0.665635094160976,"Above"
"Kropyvnytskyi","jul_2022_21",236568.6875,247735.65625,0.954923853437024,"Above"
"Kropyvnytskyi","jun_2019_18",162857.796875,247735.65625,0.657385373345909,"Above"
"Kropyvnytskyi","jun_2020_10",230897.6875,247735.65625,0.932032518027974,"Above"
"Kropyvnytskyi","mar_2022_23",224079.328125,247735.65625,0.904509796921895,"Above"
"Kropyvnytskyi","may_2019_01",7774.46728515625,247735.65625,0.0313821086671138,"Below"
"Kropyvnytskyi","may_2020_13",248003.859375,247735.65625,1.00108261817883,"Above"
"Kropyvnytskyi","sep_2020_13",229191.8125,247735.65625,0.925146650140315,"Above"
"KryvyiRih","apr_2019_20",5600.94580078125,605152.1875,0.00925543345372316,"Below"
"KryvyiRih","apr_2020_29",606846.875,605152.1875,1.00280043191614,"Above"
"KryvyiRih","aug_2019_14",549080,605152.1875,0.907342006427102,"Above"
"KryvyiRih","aug_2022_13",120257.421875,605152.1875,0.19872260955018,"Below"
"KryvyiRih","aug_2022_21",117201.1328125,605152.1875,0.193672162529364,"Below"
"KryvyiRih","feb_2020_04",606825,605152.1875,1.00276428398435,"Above"
"KryvyiRih","feb_2022_21",270342.90625,605152.1875,0.446735402819642,"Below"
"KryvyiRih","jan_2019_20",135480.453125,605152.1875,0.223878316766392,"Below"
"KryvyiRih","jul_2019_05",606846.875,605152.1875,1.00280043191614,"Above"
"KryvyiRih","jul_2022_28",244553.453125,605152.1875,0.404118927728407,"Below"
"KryvyiRih","jun_2022_08",139657.53125,605152.1875,0.230780841802708,"Below"
"KryvyiRih","mar_2021_04",289482.59375,605152.1875,0.478363293944137,"Below"
"KryvyiRih","oct_2020_25",17264.1015625,605152.1875,0.028528528722372,"Below"
"KryvyiRih","oct_2021_04",392540.125,605152.1875,0.648663481861742,"Above"
"Kuchurhan","aug_2019_20",1363.24475097656,9952.2099609375,0.136979098745636,"Below"
"Kuchurhan","aug_2019_31",9955.85546875,9952.2099609375,1.00036630133677,"Above"
"Kuchurhan","aug_2021_09",8086.9765625,9952.2099609375,0.812580983946424,"Above"
"Kuchurhan","jul_2019_29",2766.04931640625,9952.2099609375,0.277933175371401,"Below"
"Kuchurhan","mar_2022_12",8584.1416015625,9952.2099609375,0.862536224140701,"Above"
"Kuchurhan","mar_2022_26",7280.12939453125,9952.2099609375,0.731508822975582,"Above"
"Kuchurhan","oct_2021_24",9955.7578125,9952.2099609375,1.0003564888177,"Above"
"Kyiv","apr_2019_03",2911623.5,2879674.75,1.01109456892658,"Above"
"Kyiv","apr_2022_15",2890082,2879674.75,1.00361403661993,"Above"
"Kyiv","aug_2019_06",1419854.875,2879674.75,0.493060848278091,"Below"
"Kyiv","aug_2019_25",1462915.875,2879674.75,0.508014273139701,"Above"
"Kyiv","aug_2022_24",1432385.875,2879674.75,0.497412381380918,"Below"
"Kyiv","dec_2019_31",1955105,2879674.75,0.67893257736833,"Above"
"Kyiv","feb_2022_20",463275.3125,2879674.75,0.160877652068172,"Below"
"Kyiv","feb_2022_22",682638.8125,2879674.75,0.237054136929874,"Below"
"Kyiv","feb_2022_28",2912066.25,2879674.75,1.01124831892907,"Above"
"Kyiv","jan_2021_31",890539.1875,2879674.75,0.309249920498834,"Below"
"Kyiv","jul_2022_22",976326.6875,2879674.75,0.339040611270422,"Below"
"Kyiv","jul_2022_28",34890.26953125,2879674.75,0.012116045234362,"Below"
"Kyiv","jun_2022_30",1450611.625,2879674.75,0.503741481568361,"Above"
"Kyiv","mar_2019_03",2911388,2879674.75,1.01101278885749,"Above"
"Kyiv","mar_2019_15",17822.171875,2879674.75,0.00618895306666143,"Below"
"Kyiv","mar_2020_03",1656960.125,2879674.75,0.575398358790346,"Above"
"Kyiv","mar_2020_20",123040.1328125,2879674.75,0.0427270936804582,"Below"
"Kyiv","mar_2022_08",22929.78125,2879674.75,0.00796262885244245,"Below"
"Kyiv","mar_2022_10",2912066.25,2879674.75,1.01124831892907,"Above"
"Kyiv","mar_2022_11",2397863.75,2879674.75,0.83268561840187,"Above"
"Kyiv","mar_2022_14",2381207,2879674.75,0.82690137141356,"Above"
"Kyiv","mar_2022_18",435467.5,2879674.75,0.151221071060195,"Below"
"Kyiv","mar_2022_19",2418058.25,2879674.75,0.839698389549028,"Above"
"Kyiv","mar_2022_21",134764.125,2879674.75,0.0467983840883419,"Below"
"Kyiv","mar_2022_25",379491.96875,2879674.75,0.131782927481654,"Below"
"Kyiv","mar_2022_31",1803667.125,2879674.75,0.6263440428472,"Above"
"Kyiv","may_2022_09",68171.6796875,2879674.75,0.0236733956456367,"Below"
"Kyiv","may_2022_12",1442570.25,2879674.75,0.500949022107445,"Above"
"Kyiv","oct_2021_11",1012433.9375,2879674.75,0.351579266894638,"Below"
"Kyiv","oct_2021_12",220645.484375,2879674.75,0.0766216686016363,"Below"
"Kyiv","oct_2021_15",535027.0625,2879674.75,0.185794268085311,"Below"
"Kyiv","oct_2021_31",2238481.75,2879674.75,0.77733839559485,"Above"
"Kyiv","sep_2020_26",1224278.5,2879674.75,0.425144714693908,"Below"
"Kyiv","sep_2020_28",917570.5,2879674.75,0.318636852998763,"Below"
"Kyiv","sep_2021_07",179233.046875,2879674.75,0.062240725927468,"Below"
"Luhansk","apr_2020_02",41765.3125,362967.28125,0.115066328722983,"Below"
"Luhansk","apr_2020_12",46759.2890625,362967.28125,0.128825080049829,"Below"
"Luhansk","apr_2020_13",53882.55078125,362967.28125,0.148450159462548,"Below"
"Luhansk","apr_2020_19",24604.7109375,362967.28125,0.0677876828257506,"Below"
"Luhansk","apr_2020_26",42762.06640625,362967.28125,0.11781245477274,"Below"
"Luhansk","apr_2022_19",42651.15234375,362967.28125,0.117506878848326,"Below"
"Luhansk","aug_2020_03",46663.37890625,362967.28125,0.128560840926347,"Below"
"Luhansk","aug_2020_05",45617.796875,362967.28125,0.125680190010239,"Below"
"Luhansk","dec_2019_16",344086.96875,362967.28125,0.947983431357837,"Above"
"Luhansk","feb_2019_24",17524.0234375,362967.28125,0.0482798983345004,"Below"
"Luhansk","feb_2021_17",36357.1171875,362967.28125,0.100166376049907,"Below"
"Luhansk","feb_2022_13",2441.93774414062,362967.28125,0.00672770762072821,"Below"
"Luhansk","feb_2022_19",438.844665527344,362967.28125,0.00120904744916962,"Below"
"Luhansk","feb_2022_20",458.8134765625,362967.28125,0.00126406290666867,"Below"
"Luhansk","jan_2020_02",37076.8671875,362967.28125,0.102149337151859,"Below"
"Luhansk","jan_2021_16",240552.53125,362967.28125,0.662738884952871,"Above"
"Luhansk","jul_2019_22",26057.09765625,362967.28125,0.0717891088323818,"Below"
"Luhansk","jul_2020_04",16469.34375,362967.28125,0.0453741827452939,"Below"
"Luhansk","jul_2020_12",54276.2421875,362967.28125,0.149534806554964,"Below"
"Luhansk","jul_2020_20",348307.9375,362967.28125,0.959612492620504,"Above"
"Luhansk","jul_2020_26",161231.0625,362967.28125,0.444202744513904,"Below"
"Luhansk","jul_2021_13",6.86771678924561,362967.28125,1.89210354321588e-05,"Below"
"Luhansk","jul_2021_21",14337.5341796875,362967.28125,0.0395008997238301,"Below"
"Luhansk","jul_2021_27",3507.58081054688,362967.28125,0.00966362807817647,"Below"
"Luhansk","jul_2022_07",1231.2021484375,362967.28125,0.00339204719554182,"Below"
"Luhansk","jul_2022_08",316337.375,362967.28125,0.871531378560034,"Above"
"Luhansk","jul_2022_12",352019.125,362967.28125,0.969837071230508,"Above"
"Luhansk","jul_2022_13",352876.59375,362967.28125,0.972199457027506,"Above"
"Luhansk","jun_2019_02",363219.03125,362967.28125,1.00069358868693,"Above"
"Luhansk","jun_2019_16",1128.65112304688,362967.28125,0.00310951201761212,"Below"
"Luhansk","jun_2020_07",48584.19140625,362967.28125,0.133852812404837,"Below"
"Luhansk","jun_2021_19",338944.0625,362967.28125,0.933814368426631,"Above"
"Luhansk","jun_2021_29",11824.904296875,362967.28125,0.0325784303647204,"Below"
"Luhansk","jun_2021_30",0.142810493707657,362967.28125,3.93452801629505e-07,"Below"
"Luhansk","jun_2022_12",14.9020080566406,362967.28125,4.10560643519177e-05,"Below"
"Luhansk","mar_2019_07",363219.03125,362967.28125,1.00069358868693,"Above"
"Luhansk","mar_2020_30",42169.9140625,362967.28125,0.116181034051537,"Below"
"Luhansk","may_2020_02",95007.609375,362967.28125,0.261752544327988,"Below"
"Luhansk","may_2021_22",6866.10791015625,362967.28125,0.0189166028588321,"Below"
"Luhansk","nov_2019_16",58512.5234375,362967.28125,0.161206054815719,"Below"
"Luhansk","nov_2019_21",363219.03125,362967.28125,1.00069358868693,"Above"
"Luhansk","oct_2019_04",339098.78125,362967.28125,0.934240629299146,"Above"
"Luhansk","oct_2019_12",106316.1875,362967.28125,0.29290846032696,"Below"
"Luhansk","oct_2020_04",56739.79296875,362967.28125,0.15632205958991,"Below"
"Luhansk","oct_2020_20",31614.98828125,362967.28125,0.0871014824597224,"Below"
"Luhansk","oct_2021_02",363219.03125,362967.28125,1.00069358868693,"Above"
"Luhansk","sep_2019_11",334593,362967.28125,0.921826889872047,"Above"
"Luhansk","sep_2020_07",67358.8203125,362967.28125,0.18557821542627,"Below"
"Luhansk","sep_2020_13",350201,362967.28125,0.964828010926949,"Above"
"Luhansk","sep_2020_24",35644.30078125,362967.28125,0.0982025174789773,"Below"
"Lutsk","apr_2019_02",280433.78125,284727.6875,0.984919252891414,"Above"
"Lutsk","apr_2019_14",285460.53125,284727.6875,1.00257384083871,"Above"
"Lutsk","apr_2020_03",285460.53125,284727.6875,1.00257384083871,"Above"
"Lutsk","apr_2021_05",257592.734375,284727.6875,0.904698579322392,"Above"
"Lutsk","feb_2021_01",2292.3251953125,284727.6875,0.00805093883014977,"Below"
"Lutsk","feb_2022_14",284108.78125,284727.6875,0.997826322211815,"Above"
"Lutsk","jan_2019_17",281284,284727.6875,0.987905329719647,"Above"
"Lutsk","jun_2019_15",281733.09375,284727.6875,0.989482604321717,"Above"
"Lutsk","mar_2019_01",282457.28125,284727.6875,0.992026043304974,"Above"
"Lutsk","mar_2020_20",252758.671875,284727.6875,0.887720734482487,"Above"
"Lutsk","mar_2021_08",285460.53125,284727.6875,1.00257384083871,"Above"
"Lutsk","mar_2022_18",86546.421875,284727.6875,0.303962086142395,"Below"
"Lutsk","may_2021_10",178594.265625,284727.6875,0.627245868475647,"Above"
"Lutsk","oct_2019_13",127935.4921875,284727.6875,0.449325786722094,"Below"
"Lutsk","oct_2021_06",285400.65625,284727.6875,1.0023635521923,"Above"
"Lutsk","sep_2020_16",285460.53125,284727.6875,1.00257384083871,"Above"
"Lutsk","sep_2020_22",155147.53125,284727.6875,0.544897943056556,"Above"
"Lutsk","sep_2022_05",284929.84375,284727.6875,1.00070999856661,"Above"
"Lviv","apr_2020_09",185601.40625,840347.6875,0.220862636990359,"Below"
"Lviv","apr_2020_10",12420.931640625,840347.6875,0.0147807054453577,"Below"
"Lviv","apr_2022_25",286150.09375,840347.6875,0.340513930134424,"Below"
"Lviv","aug_2019_02",18114.349609375,840347.6875,0.0215557796836027,"Below"
"Lviv","aug_2019_21",851555.5,840347.6875,1.0133371135147,"Above"
"Lviv","aug_2022_25",836779.75,840347.6875,0.995754212746614,"Above"
"Lviv","feb_2022_14",851141.375,840347.6875,1.0128443115398,"Above"
"Lviv","feb_2022_24",31501.974609375,840347.6875,0.0374868344114709,"Below"
"Lviv","feb_2022_25",842810.8125,840347.6875,1.00293107845317,"Above"
"Lviv","jan_2019_08",314311.75,840347.6875,0.374025840345994,"Below"
"Lviv","jan_2019_19",324491.03125,840347.6875,0.386139018500006,"Below"
"Lviv","jun_2022_30",795065.9375,840347.6875,0.946115458311415,"Above"
"Lviv","mar_2020_27",852914.5625,840347.6875,1.01495437565537,"Above"
"Lviv","mar_2022_21",456657.34375,840347.6875,0.543414768128341,"Above"
"Lviv","mar_2022_26",196941.390625,840347.6875,0.234357032873967,"Below"
"Lviv","may_2022_06",583191.1875,840347.6875,0.693987972091611,"Above"
"Lviv","may_2022_11",844951,840347.6875,1.00547786656461,"Above"
"Lviv","may_2022_19",828414.0625,840347.6875,0.985799181484628,"Above"
"Lviv","sep_2019_09",24365.28125,840347.6875,0.0289942860704308,"Below"
"Lviv","sep_2020_22",472651.78125,840347.6875,0.562447887083642,"Above"
"Lviv","sep_2021_05",308678.71875,840347.6875,0.367322625315132,"Below"
"Mamalyha","apr_2022_06",13591.529296875,13508.453125,1.00614993967897,"Above"
"Mamalyha","aug_2020_26",13591.529296875,13508.453125,1.00614993967897,"Above"
"Mamalyha","feb_2019_16",13591.529296875,13508.453125,1.00614993967897,"Above"
"Mamalyha","jan_2021_16",5838.767578125,13508.453125,0.432230657655334,"Below"
"Mamalyha","jun_2020_29",13591.529296875,13508.453125,1.00614993967897,"Above"
"Mamalyha","jun_2021_25",5297.869140625,13508.453125,0.392189178997873,"Below"
"Mamalyha","mar_2019_10",4764.4970703125,13508.453125,0.352704860151225,"Below"
"Mamalyha","nov_2021_03",19.537145614624,13508.453125,0.00144629036602768,"Below"
"Mariupol","apr_2022_02",7542.30712890625,397464.0625,0.0189760731610955,"Below"
"Mariupol","apr_2022_03",394756.65625,397464.0625,0.993188299256615,"Above"
"Mariupol","apr_2022_11",237422.1875,397464.0625,0.597342527036642,"Above"
"Mariupol","apr_2022_30",124735.0703125,397464.0625,0.313827291775593,"Below"
"Mariupol","aug_2019_08",397367.78125,397464.0625,0.99975776111834,"Above"
"Mariupol","aug_2019_12",400136.28125,397464.0625,1.00672317072691,"Above"
"Mariupol","aug_2022_06",391049.34375,397464.0625,0.983860883649072,"Above"
"Mariupol","aug_2022_14",134341.34375,397464.0625,0.33799620248686,"Below"
"Mariupol","feb_2019_14",385.682586669922,397464.0625,0.000970358387231353,"Below"
"Mariupol","feb_2021_13",335355.59375,397464.0625,0.843738152427303,"Above"
"Mariupol","jul_2020_05",272013.5625,397464.0625,0.68437272237663,"Above"
"Mariupol","jul_2022_30",4278.3876953125,397464.0625,0.010764212664667,"Below"
"Mariupol","jul_2022_31",288856.03125,397464.0625,0.726747543999654,"Above"
"Mariupol","jun_2019_16",400136.28125,397464.0625,1.00672317072691,"Above"
"Mariupol","jun_2019_21",400136.28125,397464.0625,1.00672317072691,"Above"
"Mariupol","jun_2020_07",205721.1875,397464.0625,0.517584372801,"Above"
"Mariupol","jun_2021_12",155103.40625,397464.0625,0.390232528884294,"Below"
"Mariupol","jun_2021_21",357891.09375,397464.0625,0.900436360205522,"Above"
"Mariupol","mar_2022_09",61526.109375,397464.0625,0.1547966600754,"Below"
"Mariupol","mar_2022_12",345985.375,397464.0625,0.870482158371236,"Above"
"Mariupol","mar_2022_14",391276.53125,397464.0625,0.984432476206575,"Above"
"Mariupol","mar_2022_18",73422.6875,397464.0625,0.184727864547502,"Below"
"Mariupol","mar_2022_19",400136.28125,397464.0625,1.00672317072691,"Above"
"Mariupol","mar_2022_21",159252.671875,397464.0625,0.400671876781313,"Below"
"Mariupol","mar_2022_22",317089.4375,397464.0625,0.797781403192899,"Above"
"Mariupol","mar_2022_23",267485.34375,397464.0625,0.672979947086411,"Above"
"Mariupol","mar_2022_29",399943.75,397464.0625,1.00623877158705,"Above"
"Mariupol","mar_2022_30",400136.28125,397464.0625,1.00672317072691,"Above"
"Mariupol","may_2020_05",400136.28125,397464.0625,1.00672317072691,"Above"
"Mariupol","may_2021_31",226.503692626953,397464.0625,0.000569872131840732,"Below"
"Mariupol","may_2022_06",176283.8125,397464.0625,0.44352138754683,"Below"
"Mariupol","may_2022_07",38674.08203125,397464.0625,0.0973020850941713,"Below"
"Mariupol","may_2022_08",360278.96875,397464.0625,0.906444136065761,"Above"
"Mariupol","may_2022_12",215634.875,397464.0625,0.542526722148622,"Above"
"Mariupol","sep_2019_25",226201.03125,397464.0625,0.56911065072707,"Above"
"Melitopol","apr_2020_10",171706.515625,177187.3125,0.969067780318639,"Above"
"Melitopol","apr_2021_23",176973.71875,177187.3125,0.998794531352238,"Above"
"Melitopol","apr_2022_06",83522.0546875,177187.3125,0.471377174296833,"Below"
"Melitopol","aug_2022_02",143684.140625,177187.3125,0.810916642945301,"Above"
"Melitopol","aug_2022_07",36225.16015625,177187.3125,0.204445564669028,"Below"
"Melitopol","feb_2019_19",176114.53125,177187.3125,0.99394549623862,"Above"
"Melitopol","jul_2019_05",175628.015625,177187.3125,0.991199726137276,"Above"
"Melitopol","jul_2021_14",147207.265625,177187.3125,0.830800261869766,"Above"
"Melitopol","jul_2022_27",177264.015625,177187.3125,1.00043289287431,"Above"
"Melitopol","jul_2022_31",53840.5390625,177187.3125,0.303862270400992,"Below"
"Melitopol","jun_2022_01",171894.65625,177187.3125,0.970129598020739,"Above"
"Melitopol","jun_2022_02",151298.171875,177187.3125,0.853888293356219,"Above"
"Melitopol","mar_2020_13",176062.453125,177187.3125,0.993651580583683,"Above"
"Melitopol","mar_2021_04",176856.375,177187.3125,0.998132273155845,"Above"
"Melitopol","mar_2021_07",12294.28515625,177187.3125,0.069385809755707,"Below"
"Melitopol","mar_2022_20",176281.328125,177187.3125,0.994886855259459,"Above"
"Melitopol","mar_2022_24",173384.1875,177187.3125,0.978536132489735,"Above"
"Melitopol","may_2020_10",112819.125,177187.3125,0.636722366901976,"Above"
"Melitopol","may_2020_16",156265.28125,177187.3125,0.881921391803942,"Above"
"Melitopol","oct_2019_17",177264.03125,177187.3125,1.00043298105783,"Above"
"Merefa","apr_2020_07",51951.59375,51599.2109375,1.0068292287052,"Above"
"Merefa","feb_2022_20",28767.01171875,51599.2109375,0.55750875248062,"Above"
"Merefa","jan_2021_18",10917.244140625,51599.2109375,0.211577734276763,"Below"
"Merefa","jun_2020_09",51951.59375,51599.2109375,1.0068292287052,"Above"
"Merefa","mar_2020_01",10482.7421875,51599.2109375,0.203157025021125,"Below"
"Merefa","oct_2019_20",48478.5625,51599.2109375,0.939521392269352,"Above"
"Merefa","oct_2020_09",17354.857421875,51599.2109375,0.336339589434734,"Below"
"Merefa","sep_2022_01",10478.712890625,51599.2109375,0.203078936678265,"Below"
"Milove","dec_2020_01",10348.6474609375,10457.0595703125,0.989632639209326,"Above"
"Milove","dec_2020_09",15.1068983078003,10457.0595703125,0.00144466025140458,"Below"
"Milove","jan_2020_30",3149.40356445312,10457.0595703125,0.301174870744186,"Below"
"Milove","jul_2020_04",10425.2373046875,10457.0595703125,0.996956862929676,"Above"
"Milove","jul_2021_30",2887.44946289062,10457.0595703125,0.276124415613742,"Below"
"Milove","may_2019_18",10461.8935546875,10457.0595703125,1.00046226994716,"Above"
"Milove","oct_2020_26",10454.66015625,10457.0595703125,0.999770546008047,"Above"
"Mykolaiv","apr_2020_08",60524.73828125,509179.4375,0.118867208342933,"Below"
"Mykolaiv","apr_2020_12",493798.5625,509179.4375,0.969792819844576,"Above"
"Mykolaiv","apr_2021_24",331720.96875,509179.4375,0.651481470616142,"Above"
"Mykolaiv","aug_2019_19",17655.443359375,509179.4375,0.0346743054787537,"Below"
"Mykolaiv","aug_2022_13",415688.75,509179.4375,0.816389507088059,"Above"
"Mykolaiv","dec_2020_27",350873.15625,509179.4375,0.689095298059832,"Above"
"Mykolaiv","feb_2021_05",505982.78125,509179.4375,0.993721945517488,"Above"
"Mykolaiv","feb_2022_04",511206.65625,509179.4375,1.0039813444941,"Above"
"Mykolaiv","feb_2022_27",101049.8984375,509179.4375,0.198456361344128,"Below"
"Mykolaiv","jan_2020_25",131247.265625,509179.4375,0.257762305307154,"Below"
"Mykolaiv","jan_2020_30",10434.5517578125,509179.4375,0.0204928773421109,"Below"
"Mykolaiv","jan_2021_17",334158.65625,509179.4375,0.656268952828638,"Above"
"Mykolaiv","jul_2019_07",123794.671875,509179.4375,0.243125827081342,"Below"
"Mykolaiv","jul_2019_16",183179.171875,509179.4375,0.359753671071998,"Below"
"Mykolaiv","jul_2022_03",43265.859375,509179.4375,0.0849717333194548,"Below"
"Mykolaiv","jul_2022_05",39146.60546875,509179.4375,0.0768817485265202,"Below"
"Mykolaiv","jul_2022_21",417159.21875,509179.4375,0.819277425652131,"Above"
"Mykolaiv","jul_2022_27",64458.75,509179.4375,0.126593387817237,"Below"
"Mykolaiv","jun_2019_18",472589.21875,509179.4375,0.928138852327476,"Above"
"Mykolaiv","jun_2021_19",102040.75,509179.4375,0.20040233851745,"Below"
"Mykolaiv","mar_2019_05",395795.40625,509179.4375,0.777320090130309,"Above"
"Mykolaiv","mar_2022_13",26570.35546875,509179.4375,0.0521826953562908,"Below"
"Mykolaiv","mar_2022_15",244984.359375,509179.4375,0.481135610223852,"Below"
"Mykolaiv","mar_2022_31",126910.7890625,509179.4375,0.249245707339665,"Below"
"Mykolaiv","may_2020_21",494403.03125,509179.4375,0.970979962736614,"Above"
"Mykolaiv","may_2021_27",412483.25,509179.4375,0.81009408397408,"Above"
"Mykolaiv","may_2022_09",45451.07421875,509179.4375,0.0892633733245561,"Below"
"Mykolaiv","may_2022_21",25410.02734375,509179.4375,0.0499038756720218,"Below"
"Mykolaiv","nov_2020_27",476933.46875,509179.4375,0.936670716892412,"Above"
"Mykolaiv","nov_2021_11",454128.84375,509179.4375,0.891883706026522,"Above"
"Mykolaiv","oct_2019_11",3956.44165039062,509179.4375,0.00777023060832189,"Below"
"Mykolaiv","sep_2022_06",192712.640625,509179.4375,0.378476871672572,"Below"
"Mykolaiv","sep_2022_17",406795.4375,509179.4375,0.798923537637947,"Above"
"Nizhyn","apr_2020_05",51356.8046875,51275.13671875,1.00159274014612,"Above"
"Nizhyn","aug_2020_15",38911.53515625,51275.13671875,0.758877257991222,"Above"
"Nizhyn","aug_2020_16",48876.8125,51275.13671875,0.953226371059621,"Above"
"Nizhyn","jun_2019_21",51355.57421875,51275.13671875,1.00156874276984,"Above"
"Nizhyn","jun_2019_24",50297.47265625,51275.13671875,0.98093297989896,"Above"
"Nizhyn","mar_2019_13",51356.8046875,51275.13671875,1.00159274014612,"Above"
"Nizhyn","mar_2022_16",977.865356445312,51275.13671875,0.0190709458623,"Below"
"Nizhyn","may_2019_30",51243.375,51275.13671875,0.999380562963211,"Above"
"Nizhyn","sep_2021_13",51356.8046875,51275.13671875,1.00159274014612,"Above"
"Odessa","apr_2020_19",985587.3125,1078556.25,0.913802421060561,"Above"
"Odessa","apr_2020_20",998267.625,1078556.25,0.925559167637293,"Above"
"Odessa","aug_2019_11",1064100.125,1078556.25,0.986596781577224,"Above"
"Odessa","aug_2019_14",1086615,1078556.25,1.00747179389114,"Above"
"Odessa","aug_2019_17",552921,1078556.25,0.51264920118909,"Above"
"Odessa","aug_2021_15",960133,1078556.25,0.890202064101896,"Above"
"Odessa","aug_2021_28",993223.9375,1078556.25,0.920882835271688,"Above"
"Odessa","aug_2022_17",558392.5625,1078556.25,0.517722244435559,"Above"
"Odessa","dec_2021_03",846225.375,1078556.25,0.784590859308451,"Above"
"Odessa","feb_2020_02",1036678.9375,1078556.25,0.961172806239823,"Above"
"Odessa","feb_2021_05",983583,1078556.25,0.911944091928446,"Above"
"Odessa","feb_2022_26",1086615,1078556.25,1.00747179389114,"Above"
"Odessa","jan_2019_09",8658.7060546875,1078556.25,0.00802805236601012,"Below"
"Odessa","jan_2019_17",1073831.5,1078556.25,0.995619375438231,"Above"
"Odessa","jan_2020_11",1011020.875,1078556.25,0.937383539337888,"Above"
"Odessa","jan_2020_14",952312.5625,1078556.25,0.882951225306979,"Above"
"Odessa","jul_2019_25",1086615,1078556.25,1.00747179389114,"Above"
"Odessa","jul_2021_09",647597.375,1078556.25,0.60042985704269,"Above"
"Odessa","jul_2021_20",1086615,1078556.25,1.00747179389114,"Above"
"Odessa","jul_2021_31",1086615,1078556.25,1.00747179389114,"Above"
"Odessa","jul_2022_09",362272.09375,1078556.25,0.335886138298304,"Below"
"Odessa","jul_2022_10",546438.0625,1078556.25,0.506638446070847,"Above"
"Odessa","jul_2022_17",633687.9375,1078556.25,0.587533508335796,"Above"
"Odessa","jun_2019_30",1086615,1078556.25,1.00747179389114,"Above"
"Odessa","jun_2021_29",577128.75,1078556.25,0.535093788571528,"Above"
"Odessa","jun_2022_09",561257.75,1078556.25,0.520378747051904,"Above"
"Odessa","mar_2020_08",7479.08349609375,1078556.25,0.00693434718503903,"Below"
"Odessa","mar_2021_07",693166.625,1078556.25,0.642680087385336,"Above"
"Odessa","mar_2021_23",245478.40625,1078556.25,0.227599076311504,"Below"
"Odessa","mar_2021_28",802408.375,1078556.25,0.743965254477919,"Above"
"Odessa","mar_2022_13",765111.6875,1078556.25,0.709385057571174,"Above"
"Odessa","mar_2022_14",606179,1078556.25,0.562028174237551,"Above"
"Odessa","mar_2022_16",910971.1875,1078556.25,0.844620934235002,"Above"
"Odessa","mar_2022_25",662790.8125,1078556.25,0.614516686079192,"Above"
"Odessa","mar_2022_27",1048384.75,1078556.25,0.972026030167643,"Above"
"Odessa","mar_2022_30",732703.5625,1078556.25,0.679337366502674,"Above"
"Odessa","may_2020_04",1067538.75,1078556.25,0.989784955582984,"Above"
"Odessa","may_2021_11",486982.375,1078556.25,0.451513191824719,"Below"
"Odessa","may_2021_22",1044646.625,1078556.25,0.968560170134845,"Above"
"Odessa","may_2022_09",611019.9375,1078556.25,0.566516523825253,"Above"
"Odessa","may_2022_12",727445.875,1078556.25,0.674462620748802,"Above"
"Odessa","may_2022_20",918893.4375,1078556.25,0.851966170053718,"Above"
"Odessa","may_2022_28",526957.8125,1078556.25,0.488577032954934,"Below"
"Odessa","nov_2020_24",930463.4375,1078556.25,0.862693473335304,"Above"
"Odessa","nov_2020_27",136215.109375,1078556.25,0.126293931702681,"Below"
"Odessa","oct_2020_09",921265.375,1078556.25,0.854165348353412,"Above"
"Odessa","oct_2021_30",623789.0625,1078556.25,0.578355614276029,"Above"
"Odessa","sep_2020_27",945771.8125,1078556.25,0.876886868441029,"Above"
"Odessa","sep_2021_09",1086615,1078556.25,1.00747179389114,"Above"
"Odessa","sep_2022_05",652637.6875,1078556.25,0.605103060225185,"Above"
"Odessa","sep_2022_22",763986.875,1078556.25,0.708342170378226,"Above"
"Odessa","sep_2022_30",838776,1078556.25,0.777684056812058,"Above"
"Oleksandriya","dec_2021_26",55415.703125,55259.64453125,1.0028240969531,"Above"
"Oleksandriya","feb_2020_19",55415.703125,55259.64453125,1.0028240969531,"Above"
"Oleksandriya","feb_2021_14",55415.703125,55259.64453125,1.0028240969531,"Above"
"Oleksandriya","feb_2022_21",55415.703125,55259.64453125,1.0028240969531,"Above"
"Oleksandriya","jan_2019_20",55415.703125,55259.64453125,1.0028240969531,"Above"
"Oleksandriya","mar_2019_18",55415.703125,55259.64453125,1.0028240969531,"Above"
"Oleksandriya","nov_2019_23",11.9240493774414,55259.64453125,0.00021578223093162,"Below"
"Pervomaisk","apr_2019_07",43047.7265625,44880.2109375,0.959169434886304,"Above"
"Pervomaisk","aug_2019_01",18.703634262085,44880.2109375,0.000416745685267201,"Below"
"Pervomaisk","aug_2021_08",45055.44921875,44880.2109375,1.00390457793289,"Above"
"Pervomaisk","aug_2021_16",10746.8359375,44880.2109375,0.239456003280956,"Below"
"Pervomaisk","aug_2022_23",45055.44921875,44880.2109375,1.00390457793289,"Above"
"Pervomaisk","dec_2019_07",21278.2421875,44880.2109375,0.474111902395735,"Below"
"Pervomaisk","feb_2019_17",45055.44921875,44880.2109375,1.00390457793289,"Above"
"Pervomaisk","feb_2019_19",11496.4423828125,44880.2109375,0.256158385681885,"Below"
"Pervomaisk","feb_2020_19",26792.220703125,44880.2109375,0.596971808809806,"Above"
"Pervomaisk","jan_2020_24",3535.6572265625,44880.2109375,0.0787798709655407,"Below"
"Pervomaisk","jan_2020_30",43663.7890625,44880.2109375,0.972896253168373,"Above"
"Pletenivka","apr_2019_21",25636.951171875,26550.3671875,0.965596859389009,"Above"
"Pletenivka","apr_2019_27",2351.22119140625,26550.3671875,0.0885570122176394,"Below"
"Pletenivka","aug_2020_11",4065.8759765625,26550.3671875,0.153138220192929,"Below"
"Pletenivka","aug_2020_25",661.694885253906,26550.3671875,0.0249222498725153,"Below"
"Pletenivka","aug_2020_27",24384.8125,26550.3671875,0.918435979728388,"Above"
"Pletenivka","jul_2021_28",25732.19921875,26550.3671875,0.969184306831915,"Above"
"Pletenivka","jul_2022_02",23056.291015625,26550.3671875,0.868398197765038,"Above"
"Pletenivka","jul_2022_09",645.28662109375,26550.3671875,0.0243042447035366,"Below"
"Pletenivka","jun_2022_20",2023.37963867188,26550.3671875,0.0762091019074301,"Below"
"Pletenivka","mar_2020_17",2127.935546875,26550.3671875,0.0801471230829847,"Below"
"Pletenivka","mar_2022_11",0,26550.3671875,0,"Below"
"Pletenivka","may_2022_13",25058.509765625,26550.3671875,0.943810290406177,"Above"
"Pletenivka","sep_2020_12",22484.572265625,26550.3671875,0.8468648326721,"Above"
"Poltava","dec_2021_26",299061.8125,297834.3125,1.00412141901884,"Above"
"Poltava","feb_2020_19",298678.5625,297834.3125,1.00283462974065,"Above"
"Poltava","feb_2021_19",222494.09375,297834.3125,0.747039828562399,"Above"
"Poltava","feb_2022_21",299061.8125,297834.3125,1.00412141901884,"Above"
"Poltava","jun_2021_24",104412.4453125,297834.3125,0.350572250846685,"Below"
"Poltava","nov_2019_23",299061.8125,297834.3125,1.00412141901884,"Above"
"Poltava","oct_2019_08",299061.8125,297834.3125,1.00412141901884,"Above"
"Poltava","oct_2019_15",237699.65625,297834.3125,0.798093591885925,"Above"
"Poltava","oct_2019_20",188700.671875,297834.3125,0.633575998316178,"Above"
"Porubne","apr_2022_01",17184.1875,36289.3125,0.473533013335538,"Below"
"Porubne","apr_2022_15",14428.2060546875,36289.3125,0.39758829971462,"Below"
"Porubne","apr_2022_21",10390.94921875,36289.3125,0.286336348167246,"Below"
"Porubne","feb_2021_04",13.2764568328857,36289.3125,0.000365850326673611,"Below"
"Porubne","feb_2021_26",54.6198654174805,36289.3125,0.00150512262852818,"Below"
"Porubne","mar_2019_01",39.0362586975098,36289.3125,0.00107569573541824,"Below"
"Porubne","mar_2019_03",22.1742057800293,36289.3125,0.000611039566539854,"Below"
"Porubne","mar_2019_10",20516.0546875,36289.3125,0.565347020214285,"Above"
"Porubne","mar_2022_15",1056.09167480469,36289.3125,0.0291020028225855,"Below"
"Porubne","mar_2022_29",15883.3642578125,36289.3125,0.437687108506465,"Below"
"Porubne","mar_2022_30",24040.65234375,36289.3125,0.662471970053166,"Above"
"Porubne","may_2020_01",15898.23828125,36289.3125,0.438096981893774,"Below"
"Porubne","may_2022_15",14559.5654296875,36289.3125,0.401208081020755,"Below"
"Porubne","sep_2019_02",7708.89501953125,36289.3125,0.212428797584172,"Below"
"Porubne","sep_2020_25",17679.478515625,36289.3125,0.487181412313198,"Below"
"Rava-Ruska","apr_2020_23",2460.78076171875,20442.205078125,0.120377461840064,"Below"
"Rava-Ruska","feb_2021_26",19829.046875,20442.205078125,0.970005280703248,"Above"
"Rava-Ruska","jan_2020_07",20608.130859375,20442.205078125,1.00811682402245,"Above"
"Rava-Ruska","jan_2020_13",20265.203125,20442.205078125,0.991341347352277,"Above"
"Rava-Ruska","jan_2020_15",20130.5859375,20442.205078125,0.984756089696094,"Above"
"Rava-Ruska","jan_2022_29",19752.990234375,20442.205078125,0.966284711403883,"Above"
"Rava-Ruska","jun_2022_07",1607.20861816406,20442.205078125,0.0786220768269232,"Below"
"Rava-Ruska","jun_2022_18",29.4742393493652,20442.205078125,0.00144183268080533,"Below"
"Rava-Ruska","mar_2022_18",20531.345703125,20442.205078125,1.00436061690308,"Above"
"Rava-Ruska","mar_2022_23",353.124450683594,20442.205078125,0.0172742837347556,"Below"
"Rava-Ruska","mar_2022_28",19506.232421875,20442.205078125,0.954213713605115,"Above"
"Rava-Ruska","may_2022_17",11566.669921875,20442.205078125,0.565823005770174,"Above"
"Rava-Ruska","may_2022_18",2479.70581054688,20442.205078125,0.121303244981158,"Below"
"Rava-Ruska","may_2022_24",985.200134277344,20442.205078125,0.048194415940558,"Below"
"Reni","apr_2021_05",2150.37182617188,19126.8046875,0.112427133611984,"Below"
"Reni","aug_2019_17",16235.08984375,19126.8046875,0.848813490230293,"Above"
"Reni","aug_2020_01",922.880676269531,19126.8046875,0.0482506456958106,"Below"
"Reni","aug_2020_07",19143.423828125,19126.8046875,1.0008688926821,"Above"
"Reni","dec_2019_06",0,19126.8046875,0,"Below"
"Reni","dec_2020_31",5981.77734375,19126.8046875,0.312743160265514,"Below"
"Reni","feb_2020_08",50.1512565612793,19126.8046875,0.00262204050183326,"Below"
"Reni","feb_2021_26",2088.12963867188,19126.8046875,0.109172947221892,"Below"
"Reni","jul_2021_28",13106.13671875,19126.8046875,0.685223534870688,"Above"
"Reni","jun_2019_23",321.21337890625,19126.8046875,0.0167938860752927,"Below"
"Reni","jun_2021_07",54.6150283813477,19126.8046875,0.00285541831339138,"Below"
"Reni","mar_2022_18",16178.2216796875,19126.8046875,0.845840272016815,"Above"
"Reni","mar_2022_24",16222.416015625,19126.8046875,0.848150868933528,"Above"
"Reni","mar_2022_26",11204.501953125,19126.8046875,0.585801033480909,"Above"
"Rivne","aug_2019_21",316005.625,315465.625,1.00171175544087,"Above"
"Rivne","aug_2019_26",68853.3515625,315465.625,0.218259442887002,"Below"
"Rivne","aug_2020_14",17395.373046875,315465.625,0.0551418971460837,"Below"
"Rivne","aug_2022_23",316005.625,315465.625,1.00171175544087,"Above"
"Rivne","mar_2020_29",316005.625,315465.625,1.00171175544087,"Above"
"Rivne","nov_2021_06",316650.78125,315465.625,1.00375684751706,"Above"
"Rivne","oct_2021_06",313049.40625,315465.625,0.992340785941416,"Above"
"Sarny","feb_2022_14",47947.06640625,47703.99609375,1.00509538681041,"Above"
"Sarny","feb_2022_27",47965.2890625,47703.99609375,1.0054773811451,"Above"
"Sarny","jun_2019_05",47965.2890625,47703.99609375,1.0054773811451,"Above"
"Sarny","sep_2020_16",47965.2890625,47703.99609375,1.0054773811451,"Above"
"Shehyni","apr_2022_04",5174.58642578125,5850.3056640625,0.884498472886282,"Above"
"Shehyni","apr_2022_10",4876.28466796875,5850.3056640625,0.833509383607594,"Above"
"Shehyni","apr_2022_14",5881.431640625,5850.3056640625,1.00532040176186,"Above"
"Shehyni","jan_2019_19",5892.5732421875,5850.3056640625,1.0072248495296,"Above"
"Shehyni","jan_2021_21",5892.5732421875,5850.3056640625,1.0072248495296,"Above"
"Shehyni","jul_2021_25",2611.71459960938,5850.3056640625,0.44642361435108,"Below"
"Shehyni","jun_2019_01",3248.8447265625,5850.3056640625,0.555329056825122,"Above"
"Shehyni","jun_2019_02",3320.47021484375,5850.3056640625,0.567572090333822,"Above"
"Shehyni","jun_2021_04",1980.4716796875,5850.3056640625,0.338524479473478,"Below"
"Shehyni","jun_2021_20",1716.7939453125,5850.3056640625,0.293453717445653,"Below"
"Shehyni","jun_2021_21",3500.83984375,5850.3056640625,0.598402894613713,"Above"
"Shehyni","jun_2021_22",1717.892578125,5850.3056640625,0.29364150811431,"Below"
"Shehyni","jun_2021_23",1061.7783203125,5850.3056640625,0.18149108461714,"Below"
"Shehyni","jun_2022_18",5892.5732421875,5850.3056640625,1.0072248495296,"Above"
"Shehyni","mar_2022_12",5892.400390625,5850.3056640625,1.00719530379773,"Above"
"Shehyni","mar_2022_22",0,5850.3056640625,0,"Below"
"Shehyni","mar_2022_28",5552.9599609375,5850.3056640625,0.949174330334302,"Above"
"Shehyni","mar_2022_30",5151.81884765625,5850.3056640625,0.880606782531562,"Above"
"Shehyni","may_2021_09",5525.16357421875,5850.3056640625,0.944423059492251,"Above"
"Shehyni","may_2021_24",4779.34130859375,5850.3056640625,0.816938735005332,"Above"
"Shehyni","may_2022_12",4966.20751953125,5850.3056640625,0.84888000810588,"Above"
"Shehyni","sep_2019_13",5892.5732421875,5850.3056640625,1.0072248495296,"Above"
"Smila","feb_2020_19",64574.26953125,72838.1015625,0.886545202936693,"Above"
"Smila","jan_2019_09",73010.703125,72838.1015625,1.00236966036727,"Above"
"Smila","mar_2019_18",64198.90625,72838.1015625,0.881391811055276,"Above"
"Smila","nov_2021_12",64882.6953125,72838.1015625,0.890779604639013,"Above"
"Solotvino","apr_2022_15",56942.59375,56542.4140625,1.00707751329927,"Above"
"Solotvino","jun_2019_10",46311.1953125,56542.4140625,0.819052318164365,"Above"
"Solotvino","jun_2019_13",7441.6884765625,56542.4140625,0.131612500101901,"Below"
"Solotvino","jun_2021_17",27225.953125,56542.4140625,0.481513808287446,"Below"
"Solotvino","jun_2021_21",21686.265625,56542.4140625,0.383539790165817,"Below"
"Solotvino","jun_2021_26",10716.4501953125,56542.4140625,0.189529406782436,"Below"
"Solotvino","mar_2022_09",43767.78125,56542.4140625,0.774069907974227,"Above"
"Solotvino","mar_2022_12",56973.46875,56542.4140625,1.00762356356104,"Above"
"Storozhynets","aug_2020_04",2847.52075195312,18927.763671875,0.150441478524179,"Below"
"Storozhynets","aug_2021_08",612.3994140625,18927.763671875,0.0323545572883749,"Below"
"Storozhynets","feb_2020_23",52.0044021606445,18927.763671875,0.00274751962578223,"Below"
"Storozhynets","feb_2021_04",15456.654296875,18927.763671875,0.816612810938792,"Above"
"Storozhynets","feb_2021_26",16482.53125,18927.763671875,0.870812396843881,"Above"
"Storozhynets","mar_2019_01",11935.7685546875,18927.763671875,0.630595814783075,"Above"
"Storozhynets","mar_2019_03",11435.9658203125,18927.763671875,0.604190015184168,"Above"
"Storozhynets","may_2020_01",4686.96337890625,18927.763671875,0.24762372672006,"Below"
"Storozhynets","oct_2019_10",2659.82250976562,18927.763671875,0.140524921796117,"Below"
"Storozhynets","sep_2020_25",1782.27941894531,18927.763671875,0.0941621762529518,"Below"
"Sumy","apr_2019_01",276129.59375,276353.59375,0.999189444229907,"Above"
"Sumy","aug_2022_21",2956.28637695312,276353.59375,0.0106974775932442,"Below"
"Sumy","feb_2020_29",276603.625,276353.59375,1.00090475121603,"Above"
"Sumy","feb_2021_05",174897.234375,276353.59375,0.63287483257127,"Above"
"Sumy","jul_2020_25",97086.625,276353.59375,0.351313053984846,"Below"
"Sumy","jul_2022_08",272175.40625,276353.59375,0.984881008988145,"Above"
"Sumy","jul_2022_27",276603.09375,276353.59375,1.00090282885999,"Above"
"Sumy","mar_2020_25",276603.625,276353.59375,1.00090475121603,"Above"
"Sumy","mar_2021_28",276603.53125,276353.59375,1.00090441197673,"Above"
"Sumy","mar_2022_06",132.757934570312,276353.59375,0.000480391562016054,"Below"
"Sumy","mar_2022_15",264839.25,276353.59375,0.958334742118764,"Above"
"Sumy","mar_2022_17",273879.875,276353.59375,0.99104871872143,"Above"
"Sumy","mar_2022_20",276394.375,276353.59375,1.00014756909598,"Above"
"Sumy","mar_2022_22",173431.53125,276353.59375,0.627571108798002,"Above"
"Sumy","mar_2022_23",231014.46875,276353.59375,0.835937993840545,"Above"
"Sumy","may_2021_25",273626.09375,276353.59375,0.990130397933354,"Above"
"Sumy","may_2022_04",1550.32141113281,276353.59375,0.00560991948791262,"Below"
"Sumy","nov_2020_04",663.092224121094,276353.59375,0.00239943405520158,"Below"
"Sumy","oct_2019_15",276598.375,276353.59375,1.00088575381517,"Above"
"Sumy","oct_2021_01",276603.625,276353.59375,1.00090475121603,"Above"
"Sumy","sep_2020_19",274779.9375,276353.59375,0.994305642171516,"Above"
"Ternopil","aug_2022_25",251564.828125,278907.46875,0.901965190292166,"Above"
"Ternopil","feb_2022_03",275575.40625,278907.46875,0.98805316144837,"Above"
"Ternopil","jan_2019_19",210854.390625,278907.46875,0.756001234280321,"Above"
"Ternopil","jul_2019_04",251601.25,278907.46875,0.902095777956825,"Above"
"Ternopil","jul_2019_29",279499.625,278907.46875,1.00212312797737,"Above"
"Ternopil","jun_2019_20",272268.59375,278907.46875,0.976196854714024,"Above"
"Ternopil","jun_2019_29",267073.71875,278907.46875,0.957571053751138,"Above"
"Ternopil","mar_2020_29",277670.96875,278907.46875,0.995566630016967,"Above"
"Ternopil","mar_2022_22",279005.0625,278907.46875,1.00034991443735,"Above"
"Ternopil","mar_2022_27",249577.859375,278907.46875,0.894841075764487,"Above"
"Ternopil","may_2022_01",247184.3125,278907.46875,0.886259208503179,"Above"
"Ternopil","nov_2019_05",84269.453125,278907.46875,0.30214125674969,"Below"
"Ternopil","oct_2019_22",265688,278907.46875,0.952602672100368,"Above"
"Ternopil","oct_2021_06",223862.3125,278907.46875,0.802640078099379,"Above"
"Ternopil","sep_2020_21",274599.5,278907.46875,0.984554129119212,"Above"
"Udobne","aug_2021_09",10388.65625,42056.75390625,0.247015170813175,"Below"
"Udobne","jul_2019_06",3584.09594726562,42056.75390625,0.0852204607910312,"Below"
"Udobne","jul_2021_20",33170.34375,42056.75390625,0.788704326157483,"Above"
"Udobne","may_2022_08",16612.716796875,42056.75390625,0.39500710953363,"Below"
"Udobne","oct_2021_24",6126.40283203125,42056.75390625,0.145669892776028,"Below"
"Udobne","sep_2019_16",30446.875,42056.75390625,0.72394733715945,"Above"
"Udobne","sep_2022_30",11881.2275390625,42056.75390625,0.282504626142743,"Below"
"Uzhhorod","apr_2019_30",181838.828125,181241.859375,1.0032937686253,"Above"
"Uzhhorod","apr_2022_10",135295.28125,181241.859375,0.746490251846656,"Above"
"Uzhhorod","apr_2022_14",136633.796875,181241.859375,0.753875497339148,"Above"
"Uzhhorod","apr_2022_15",163797.1875,181241.859375,0.903749211494758,"Above"
"Uzhhorod","apr_2022_30",161293.59375,181241.859375,0.889935660041283,"Above"
"Uzhhorod","dec_2021_09",174066.71875,181241.859375,0.960411239159966,"Above"
"Uzhhorod","feb_2022_28",123179.7421875,181241.859375,0.679642896030072,"Above"
"Uzhhorod","jul_2020_05",160383.40625,181241.859375,0.884913710348542,"Above"
"Uzhhorod","jun_2019_01",164243.890625,181241.859375,0.906213891158387,"Above"
"Uzhhorod","jun_2019_10",181838.828125,181241.859375,1.0032937686253,"Above"
"Uzhhorod","mar_2019_31",164162.453125,181241.859375,0.905764560632422,"Above"
"Uzhhorod","mar_2022_03",179215.625,181241.859375,0.988820273738157,"Above"
"Uzhhorod","mar_2022_19",9.39081001281738,181241.859375,5.18136927374335e-05,"Below"
"Uzhhorod","mar_2022_27",181838.828125,181241.859375,1.0032937686253,"Above"
"Uzhhorod","mar_2022_28",163465.125,181241.859375,0.901917060240378,"Above"
"Uzhhorod","may_2022_12",167084.609375,181241.859375,0.92188752615527,"Above"
"Uzhhorod","oct_2019_17",170282.328125,181241.859375,0.939530904793224,"Above"
"Velyki_Kopani","apr_2021_25",1072.57836914062,12122.2060546875,0.0884804600995767,"Below"
"Velyki_Kopani","apr_2022_22",4791.951171875,12122.2060546875,0.395303556981034,"Below"
"Velyki_Kopani","aug_2019_19",8.08218479156494,12122.2060546875,0.000666725574132578,"Below"
"Velyki_Kopani","aug_2021_22",2975.49560546875,12122.2060546875,0.245458259993705,"Below"
"Velyki_Kopani","jul_2019_12",6.58524990081787,12122.2060546875,0.000543238571519863,"Below"
"Velyki_Kopani","jul_2022_16",11843.63671875,12122.2060546875,0.977019914140976,"Above"
"Velyki_Kopani","mar_2021_04",4763.4892578125,12122.2060546875,0.392955641598793,"Below"
"Velyki_Kopani","mar_2022_16",11843.34765625,12122.2060546875,0.976996068440062,"Above"
"Velyki_Kopani","may_2021_06",10417.5478515625,12122.2060546875,0.859377229240726,"Above"
"Velyki_Kopani","may_2021_27",7350.1474609375,12122.2060546875,0.606337446152822,"Above"
"Velykodolynske","apr_2020_19",2262.26904296875,58856.203125,0.0384372236544736,"Below"
"Velykodolynske","apr_2020_20",47934.4296875,58856.203125,0.814432925373998,"Above"
"Velykodolynske","aug_2019_11",40230.05859375,58856.203125,0.68353132648242,"Above"
"Velykodolynske","aug_2019_14",40239.34375,58856.203125,0.683689086510369,"Above"
"Velykodolynske","aug_2019_17",59849.59765625,58856.203125,1.01687833190905,"Above"
"Velykodolynske","aug_2021_15",59266.015625,58856.203125,1.00696294491049,"Above"
"Velykodolynske","aug_2021_28",3569.31982421875,58856.203125,0.060644751694875,"Below"
"Velykodolynske","feb_2020_02",5098.03173828125,58856.203125,0.08661842707478,"Below"
"Velykodolynske","feb_2022_26",54217.859375,58856.203125,0.921191930438513,"Above"
"Velykodolynske","jan_2019_09",39050.53125,58856.203125,0.663490493382043,"Above"
"Velykodolynske","jan_2019_17",8650.1923828125,58856.203125,0.146971634654058,"Below"
"Velykodolynske","jan_2020_11",3264.12060546875,58856.203125,0.0554592452818668,"Below"
"Velykodolynske","jan_2020_14",1270.65869140625,58856.203125,0.0215892059619884,"Below"
"Velykodolynske","jul_2019_25",38880.8203125,58856.203125,0.660607009084907,"Above"
"Velykodolynske","jul_2021_20",59849.59765625,58856.203125,1.01687833190905,"Above"
"Velykodolynske","jul_2021_31",59849.59765625,58856.203125,1.01687833190905,"Above"
"Velykodolynske","jun_2019_30",59849.59765625,58856.203125,1.01687833190905,"Above"
"Velykodolynske","jun_2021_29",13465.046875,58856.203125,0.228778721019476,"Below"
"Velykodolynske","mar_2020_08",59486.078125,58856.203125,1.01070193057922,"Above"
"Velykodolynske","mar_2021_23",28756.962890625,58856.203125,0.488596976423205,"Below"
"Velykodolynske","mar_2022_16",24692.52734375,58856.203125,0.419539930078526,"Below"
"Velykodolynske","mar_2022_27",34238.86328125,58856.203125,0.581737547842371,"Above"
"Velykodolynske","mar_2022_30",58.8284606933594,58856.203125,0.000999528640480228,"Below"
"Velykodolynske","may_2020_04",39929.3828125,58856.203125,0.678422675817147,"Above"
"Velykodolynske","may_2021_22",370.334838867188,58856.203125,0.00629219724012205,"Below"
"Velykodolynske","may_2022_12",27872.62890625,58856.203125,0.47357164455637,"Below"
"Velykodolynske","may_2022_20",59849.59765625,58856.203125,1.01687833190905,"Above"
"Velykodolynske","may_2022_28",59815.81640625,58856.203125,1.01630436946828,"Above"
"Velykodolynske","nov_2020_27",8489.4716796875,58856.203125,0.144240899496309,"Below"
"Velykodolynske","sep_2020_20",16548.73828125,58856.203125,0.281172372708166,"Below"
"Velykodolynske","sep_2020_27",49860.3046875,58856.203125,0.847154625003684,"Above"
"Velykodolynske","sep_2021_09",59849.59765625,58856.203125,1.01687833190905,"Above"
"Vinnytsia","apr_2019_06",2109.77319335938,442636.90625,0.0047663743433264,"Below"
"Vinnytsia","apr_2020_03",442905.34375,442636.90625,1.00060645078666,"Above"
"Vinnytsia","aug_2019_07",442905.34375,442636.90625,1.00060645078666,"Above"
"Vinnytsia","aug_2020_26",142496.34375,442636.90625,0.321926034042716,"Below"
"Vinnytsia","aug_2022_23",442905.34375,442636.90625,1.00060645078666,"Above"
"Vinnytsia","feb_2019_21",442905.34375,442636.90625,1.00060645078666,"Above"
"Vinnytsia","feb_2022_23",442905.34375,442636.90625,1.00060645078666,"Above"
"Vinnytsia","mar_2020_04",413782.9375,442636.90625,0.934813459197405,"Above"
"Vinnytsia","mar_2020_12",390749.5,442636.90625,0.882776592919945,"Above"
"Vinnytsia","mar_2022_31",442905.34375,442636.90625,1.00060645078666,"Above"
"Vinnytsia","sep_2020_06",353822.1875,442636.90625,0.799350850559583,"Above"
"Vinnytsia","sep_2020_14",137677.46875,442636.90625,0.311039289327222,"Below"
"Zaporizhzhia","apr_2019_20",17866.38671875,772394.75,0.0231311602244189,"Below"
"Zaporizhzhia","apr_2019_27",79595.546875,772394.75,0.103050346827189,"Below"
"Zaporizhzhia","aug_2021_27",773614.9375,772394.75,1.00157974597834,"Above"
"Zaporizhzhia","aug_2022_10",38731.03515625,772394.75,0.0501440942681835,"Below"
"Zaporizhzhia","aug_2022_22",653484.375,772394.75,0.846049736873535,"Above"
"Zaporizhzhia","aug_2022_29",102600.7109375,772394.75,0.132834552458442,"Below"
"Zaporizhzhia","feb_2019_19",981.880004882812,772394.75,0.00127121527545703,"Below"
"Zaporizhzhia","jan_2020_23",4669.2626953125,772394.75,0.00604517663450263,"Below"
"Zaporizhzhia","mar_2020_19",773614.9375,772394.75,1.00157974597834,"Above"
"Zaporizhzhia","mar_2022_12",455048,772394.75,0.589139167504699,"Above"
"Zaporizhzhia","may_2022_06",524181.03125,772394.75,0.678643959257879,"Above"
"Zaporizhzhia","oct_2020_09",462202.3125,772394.75,0.598401675438628,"Above"
"Zaporizhzhia","sep_2019_12",577676.9375,772394.75,0.747903759703183,"Above"
"Zaporizhzhia","sep_2019_19",759704.0625,772394.75,0.983569687002663,"Above"
"Zhytomyr","aug_2019_25",294672.09375,300275.0625,0.98134054588699,"Above"
"Zhytomyr","aug_2022_18",295200.21875,300275.0625,0.983099349950181,"Above"
"Zhytomyr","aug_2022_25",134423.171875,300275.0625,0.447666785099745,"Below"
"Zhytomyr","dec_2019_04",300833.6875,300275.0625,1.00186037759962,"Above"
"Zhytomyr","dec_2021_04",300836.6875,300275.0625,1.00187036843927,"Above"
"Zhytomyr","feb_2019_21",72664.4375,300275.0625,0.241992914413264,"Below"
"Zhytomyr","feb_2020_06",259616.484375,300275.0625,0.864595555200326,"Above"
"Zhytomyr","feb_2022_14",29467.84765625,300275.0625,0.0981361802439055,"Below"
"Zhytomyr","feb_2022_22",289736.125,300275.0625,0.964902388455918,"Above"
"Zhytomyr","feb_2022_23",68714,300275.0625,0.228836851878101,"Below"
"Zhytomyr","jan_2019_24",266585.4375,300275.0625,0.887804119597844,"Above"
"Zhytomyr","mar_2019_23",298366.78125,300275.0625,0.993644889342085,"Above"
"Zhytomyr","may_2021_11",1199.21118164062,300275.0625,0.00399370887364523,"Below"
"Zhytomyr","sep_2020_14",294895.25,300275.0625,0.982083718657123,"Above"
"Zhytomyr","sep_2021_10",333.602661132812,300275.0625,0.00111099023127441,"Below"
