City,Label,Month,Year,Date,Day of Week,Area,SQKM,Count
Alchevsk,apr_2021_25,4,2021,25/04/2021 8:33,6,0.001825256,14.52729606,147
Alchevsk,apr_2022_27,4,2022,27/04/2022 8:23,2,0.015232378,118.8415045,1090
Alchevsk,aug_2019_24,8,2019,24/08/2019 8:22,5,0.018146903,139.2116062,183
Alchevsk,aug_2020_23,8,2020,23/08/2020 8:31,6,0.000767016,6.056077517,22
Alchevsk,aug_2021_07,8,2021,07/08/2021 8:28,5,0.017317813,131.9780252,1354
Alchevsk,aug_2021_09,8,2021,09/08/2021 8:42,0,0.007148122,56.16891518,410
Alchevsk,aug_2021_25,8,2021,25/08/2021 8:53,2,0.003297457,26.08595062,56
Alchevsk,dec_2019_02,12,2019,02/12/2019 8:39,0,0.016528253,127.5652283,7
Alchevsk,dec_2019_16,12,2019,16/12/2019 8:24,0,0.018817478,143.2770685,1
Alchevsk,dec_2021_20,12,2021,20/12/2021 8:42,0,0.018668104,142.7408636,9
Alchevsk,dec_2021_22,12,2021,22/12/2021 8:02,2,0.010521569,80.5834194,3
Alchevsk,feb_2020_10,2,2020,10/02/2020 8:50,0,0.014618923,116.4903212,234
Alchevsk,feb_2021_23,2,2021,23/02/2021 8:28,1,0.006998778,55.44427587,160
Alchevsk,feb_2022_13,2,2022,13/02/2022 8:37,6,0.000674926,5.367258178,23
Alchevsk,jan_2022_08,1,2022,08/01/2022 8:43,5,0.013371279,103.9293343,80
Alchevsk,jan_2022_21,1,2022,21/01/2022 8:24,4,0,43.82129062,0
Alchevsk,jul_2019_03,7,2019,03/07/2019 8:37,2,0.008032116,63.28444799,562
Alchevsk,jul_2019_28,7,2019,28/07/2019 8:53,6,0.011838998,91.12329846,738
Alchevsk,jul_2019_29,7,2019,29/07/2019 8:40,0,0.000656345,5.218070317,10
Alchevsk,jul_2020_26,7,2020,26/07/2020 8:11,6,0.01790232,137.389359,140
Alchevsk,jul_2021_02,7,2021,02/07/2021 8:42,4,0.002546804,19.98269604,24
Alchevsk,jul_2021_10,7,2021,10/07/2021 8:48,5,0.003971231,30.88270381,438
Alchevsk,jul_2021_12,7,2021,12/07/2021 8:24,0,0.012993645,102.217667,2589
Alchevsk,jul_2021_27,7,2021,27/07/2021 8:27,1,0.008589777,68.42676578,354
Alchevsk,jul_2022_15,7,2022,15/07/2022 8:43,4,0.001870423,14.59009213,40
Alchevsk,jun_2021_27,6,2021,27/06/2021 8:26,6,0.008211033,64.74711425,18
Alchevsk,jun_2021_30,6,2021,30/06/2021 8:41,2,0.00669431,53.05568244,382
Alchevsk,jun_2022_12,6,2022,12/06/2022 8:15,6,0.015953753,123.7073686,789
Alchevsk,mar_2019_05,3,2019,05/03/2019 8:53,1,0.006908367,54.01805456,6
Alchevsk,mar_2019_14,3,2019,14/03/2019 9:01,3,0.016373708,126.3661619,48
Alchevsk,may_2019_29,5,2019,29/05/2019 8:27,2,0.018715287,143.2771661,235
Alchevsk,may_2021_29,5,2021,29/05/2021 8:25,5,0.007515522,59.51139759,1607
Alchevsk,may_2021_31,5,2021,31/05/2021 8:21,0,0.007008187,55.53812982,334
Alchevsk,may_2022_06,5,2022,06/05/2022 8:22,4,0.016888847,130.3128263,3516
Alchevsk,nov_2021_07,11,2021,07/11/2021 8:26,6,0.015287336,118.1298731,258
Alchevsk,nov_2021_18,11,2021,18/11/2021 8:21,3,0.004741924,37.72567803,1
Alchevsk,oct_2019_09,10,2019,09/10/2019 8:19,2,0.00865802,67.22795098,253
Alchevsk,oct_2020_15,10,2020,15/10/2020 8:26,3,0.001328357,10.29148111,4
Alchevsk,oct_2020_20,10,2020,20/10/2020 8:44,1,0.007382596,58.00489289,501
Alchevsk,oct_2021_21,10,2021,21/10/2021 8:53,3,0.000768827,5.919195986,6
Alchevsk,sep_2019_12,9,2019,12/09/2019 8:55,3,0.018817478,143.2770739,1551
Alchevsk,sep_2020_20,9,2020,20/09/2020 8:48,6,0.011292847,90.64559436,179
Alchevsk,sep_2020_24,9,2020,24/09/2020 8:46,3,0.001818489,14.5136971,11
Alchevsk,sep_2021_08,9,2021,08/09/2021 8:42,2,0.00520694,41.03708117,658
Berdychiv,feb_2019_21,2,2019,21/02/2019 9:35,3,0.007794695,58.47791403,149
Berehove,apr_2020_20,4,2020,20/04/2020 9:25,0,0.019384286,150.2921422,82
Berehove,aug_2022_04,8,2022,04/08/2022 10:00,3,0.010771064,85.72752935,78
Berehove,jan_2022_09,1,2022,09/01/2022 9:46,6,0.022278124,170.4729041,3
Berehove,jul_2021_17,7,2021,17/07/2021 9:40,5,0.013431443,112.5705458,444
Berehove,jul_2021_18,7,2021,18/07/2021 9:38,6,0.011073847,87.25163262,766
Berehove,jul_2021_22,7,2021,22/07/2021 9:46,3,0,3.977197612,0
Berehove,jul_2022_10,7,2022,10/07/2022 9:52,6,0.009476026,75.24901843,58
Berehove,jul_2022_16,7,2022,16/07/2022 9:24,5,0.003973435,32.15282026,29
Berehove,jun_2019_10,6,2019,10/06/2019 9:25,0,0.013751299,105.9274544,132
Berehove,mar_2022_03,3,2022,03/03/2022 9:57,3,0,165.7562063,0
Berehove,mar_2022_27,3,2022,27/03/2022 9:33,6,0.017377508,136.442037,499
Berehove,may_2021_21,5,2021,21/05/2021 9:22,4,0.004379726,34.95766183,37
Berehove,may_2021_24,5,2021,24/05/2021 9:19,0,0.004195722,33.17732756,32
Berehove,may_2022_03,5,2022,03/05/2022 9:51,1,0.000742848,5.981492377,8
Berehove,may_2022_12,5,2022,12/05/2022 9:54,3,0.009967644,79.82373407,148
Berehove,may_2022_14,5,2022,14/05/2022 9:46,5,0.017720583,142.8004856,109
Bila_Tserkva,apr_2019_03,4,2019,03/04/2019 9:27,2,0.013151842,97.35937291,1822
Bila_Tserkva,apr_2019_10,4,2019,10/04/2019 9:30,2,0.00920177,70.38860057,8611
Bila_Tserkva,apr_2019_26,4,2019,26/04/2019 9:00,4,0.011810936,87.29902827,6616
Bila_Tserkva,aug_2020_26,8,2020,26/08/2020 9:16,2,0.013080353,100.6929276,9039
Bila_Tserkva,aug_2021_16,8,2021,16/08/2021 9:25,0,0.003684913,28.57308603,155
Bila_Tserkva,aug_2022_28,8,2022,28/08/2022 9:39,6,0.017629633,129.059556,1720
Bila_Tserkva,aug_2022_30,8,2022,30/08/2022 9:16,1,0.016625798,123.0360667,10429
Bila_Tserkva,jan_2019_25,1,2019,25/01/2019 9:36,4,0.008650874,65.96741673,193
Bila_Tserkva,jul_2022_06,7,2022,06/07/2022 9:07,2,0.015880331,117.7908899,6601
Bila_Tserkva,jun_2019_11,6,2019,11/06/2019 9:17,1,0.005320722,40.27323934,991
Bila_Tserkva,jun_2019_18,6,2019,18/06/2019 9:28,1,0.01367524,104.9935727,9130
Bila_Tserkva,jun_2022_30,6,2022,30/06/2022 9:14,3,0.009620866,73.95556816,1025
Bila_Tserkva,mar_2019_03,3,2019,03/03/2019 9:27,6,0.016412813,121.5336914,3650
Bila_Tserkva,mar_2021_30,3,2021,30/03/2021 9:16,1,0.016751711,123.9066546,9190
Bila_Tserkva,may_2022_12,5,2022,12/05/2022 9:18,3,0.017413801,128.5413303,5185
Bila_Tserkva,nov_2021_13,11,2021,13/11/2021 9:24,5,0.017362928,127.9063862,3651
Bila_Tserkva,oct_2020_14,10,2020,14/10/2020 9:02,2,0.001837678,14.02444263,59
Bila_Tserkva,oct_2020_27,10,2020,27/10/2020 8:55,1,0.014289718,110.033737,2672
Bila_Tserkva,oct_2021_01,10,2021,01/10/2021 9:29,4,0.017629633,129.059556,1035
Bila_Tserkva,oct_2021_26,10,2021,26/10/2021 9:08,1,0.017629633,129.0598552,1035
Cherkasy,apr_2020_18,4,2020,18/04/2020 8:58,5,0.054143955,411.7985284,2992
Cherkasy,aug_2021_15,8,2021,15/08/2021 9:01,6,0.021786759,175.261764,8654
Cherkasy,aug_2022_21,8,2022,21/08/2022 8:57,6,0.031053451,239.7484923,1658
Cherkasy,feb_2020_19,2,2020,19/02/2020 9:14,2,0.002359613,18.23107643,86
Cherkasy,jan_2019_09,1,2019,09/01/2019 9:17,2,0,278.1328015,0
Cherkasy,jul_2022_21,7,2022,21/07/2022 8:39,3,0.026963189,210.5364544,11442
Cherkasy,jun_2021_24,6,2021,24/06/2021 8:38,3,0.021340353,162.3172247,6107
Cherkasy,mar_2019_18,3,2019,18/03/2019 9:16,0,0.002201525,16.98053659,66
Cherkasy,mar_2021_30,3,2021,30/03/2021 9:17,1,0.025127777,196.0273994,13071
Cherkasy,may_2019_30,5,2019,30/05/2019 9:26,3,0.036928218,286.9587043,16304
Cherkasy,nov_2021_11,11,2021,11/11/2021 8:53,3,0.017030504,129.2647493,11323
Cherkasy,nov_2021_12,11,2021,12/11/2021 9:10,4,0.000999007,7.788997746,12
Cherkasy,sep_2020_19,9,2020,19/09/2020 8:56,5,0.028808762,226.1382524,8288
Chernihiv,apr_2019_03,4,2019,03/04/2019 9:19,2,0.01608522,113.7603389,14381
Chernihiv,apr_2022_28,4,2022,28/04/2022 9:33,3,0.015118808,111.6579085,2972
Chernihiv,aug_2019_07,8,2019,07/08/2019 9:22,2,0.002935167,21.56383092,3322
Chernihiv,aug_2019_19,8,2019,19/08/2019 9:13,0,0.003231022,23.77302101,2779
Chernihiv,aug_2022_12,8,2022,12/08/2022 9:29,4,0.01588508,117.3956491,5190
Chernihiv,feb_2020_25,2,2020,25/02/2020 9:26,1,0.015655242,115.6834016,4420
Chernihiv,feb_2022_28,2,2022,28/02/2022 9:05,0,0.016396316,120.499063,152
Chernihiv,jul_2019_26,7,2019,26/07/2019 9:31,4,0.004576029,32.65284227,3822
Chernihiv,jul_2022_22,7,2022,22/07/2022 8:53,4,0.016055965,118.5085795,5479
Chernihiv,jun_2019_21,6,2019,21/06/2019 9:20,4,0.016396316,120.4986853,1414
Chernihiv,jun_2020_16,6,2020,16/06/2020 8:56,1,0.016396316,120.4986706,12425
Chernihiv,mar_2020_03,3,2020,03/03/2020 9:35,1,0.014166905,100.744828,4710
Chernihiv,mar_2021_30,3,2021,30/03/2021 9:15,1,0.016396316,120.4986848,17718
Chernihiv,mar_2022_10,3,2022,10/03/2022 9:37,3,0.016396316,120.4986872,531
Chernihiv,mar_2022_16,3,2022,16/03/2022 9:17,2,0.005522318,39.59385408,756
Chernihiv,mar_2022_18,3,2022,18/03/2022 8:53,4,0.016396316,120.4986871,1656
Chernihiv,mar_2022_19,3,2022,19/03/2022 9:07,5,0.016396316,120.4986799,1044
Chernihiv,mar_2022_20,3,2022,20/03/2022 9:24,6,0.016396316,120.4986731,2071
Chernihiv,mar_2022_21,3,2022,21/03/2022 9:33,0,0.014934426,120.4990788,281
Chernihiv,mar_2022_22,3,2022,22/03/2022 8:55,1,0.016396316,120.4986863,180
Chernihiv,sep_2020_06,9,2020,06/09/2020 9:26,6,0.01549641,114.5630854,646
Chernihiv,sep_2021_15,9,2021,15/09/2021 9:19,2,0.016396316,120.4986872,5747
Chernihiv,sep_2022_04,9,2022,04/09/2022 8:57,6,0.009439497,69.08250419,5956
Chernivtsi,aug_2020_04,8,2020,04/08/2020 9:19,1,0.022111014,172.0755298,76
Chernivtsi,aug_2021_08,8,2021,08/08/2021 9:20,6,0.034716879,268.7931839,5722
Chernivtsi,feb_2020_23,2,2020,23/02/2020 9:23,6,0.034090469,263.9052438,1850
Chernivtsi,feb_2021_04,2,2021,04/02/2021 9:37,3,0.037495268,287.7515069,807
Chernivtsi,feb_2021_26,2,2021,26/02/2021 9:26,4,0.037495268,287.7514327,3320
Chernivtsi,jul_2019_29,7,2019,29/07/2019 9:21,0,0.026611491,210.735404,636
Chernivtsi,mar_2019_01,3,2019,01/03/2019 9:42,4,0.037495268,287.7515159,4020
Chernivtsi,mar_2019_03,3,2019,03/03/2019 9:30,6,0.037495268,287.7514504,8031
Chernivtsi,mar_2019_10,3,2019,10/03/2019 9:10,6,0.005485139,43.24719107,114
Chernivtsi,mar_2021_30,3,2021,30/03/2021 9:24,1,0.01301588,103.7967353,6966
Chernivtsi,may_2020_01,5,2020,01/05/2020 9:20,4,0.033489516,260.4807449,324
Chernivtsi,may_2022_20,5,2022,20/05/2022 9:26,4,0.023067499,177.5130871,2191
Chernivtsi,oct_2019_10,10,2019,10/10/2019 9:31,3,0.037117271,286.3649575,3910
Chernivtsi,sep_2020_25,9,2020,25/09/2020 9:05,4,0.034419225,266.6074164,464
Chernivtsi,sep_2022_19,9,2022,19/09/2022 9:31,0,0.026966366,211.5906745,12494
Chortkiv,jul_2019_29,7,2019,29/07/2019 9:20,0,0.004056895,31.86114154,6
Chortkiv,mar_2020_29,3,2020,29/03/2020 9:35,6,0.001702321,13.10821225,1
Chortkiv,mar_2021_06,3,2021,06/03/2021 9:31,5,0.001920049,14.90301806,2
Chortkiv,mar_2021_24,3,2021,24/03/2021 9:23,2,0,8.500048818,0
Chortkiv,may_2020_01,5,2020,01/05/2020 9:20,4,0.004612091,35.67743227,31
Chortkiv,sep_2020_25,9,2020,25/09/2020 9:05,4,0.007932817,62.3324435,49
Dnipro,apr_2019_22,4,2019,22/04/2019 9:22,0,0.045206372,344.771615,40208
Dnipro,apr_2019_27,4,2019,27/04/2019 9:02,5,0.018614727,144.1320269,6507
Dnipro,apr_2020_02,4,2020,02/04/2020 8:46,3,0.062236963,474.4863962,18974
Dnipro,apr_2020_10,4,2020,10/04/2020 8:53,4,0.032407167,266.3536863,20949
Dnipro,aug_2019_14,8,2019,14/08/2019 9:33,2,0.055131949,422.4485842,16758
Dnipro,aug_2019_24,8,2019,24/08/2019 8:53,5,0.002744635,21.35518765,98
Dnipro,aug_2022_10,8,2022,10/08/2022 9:03,2,0.00362273,28.73589636,40
Dnipro,aug_2022_27,8,2022,27/08/2022 8:38,5,0.05545305,442.9373358,3188
Dnipro,b_s1,1,2022,13/01/2022 8:32,3,0.04388908,354.241268,2740
Dnipro,feb_2020_02,2,2020,02/02/2020 8:57,6,0.032674567,268.7723547,1120
Dnipro,feb_2021_19,2,2021,19/02/2021 8:43,4,0.058257743,471.4192759,183
Dnipro,jan_2020_08,1,2020,08/01/2020 8:41,2,0.029427841,242.0635192,5623
Dnipro,jan_2020_09,1,2020,09/01/2020 8:45,3,0.000997921,7.882476306,1
Dnipro,jan_2020_16,1,2020,16/01/2020 8:33,3,0.035516919,291.9630153,3679
Dnipro,jan_2022_13,1,2022,13/01/2022 8:32,3,0.037182034,303.981931,2546
Dnipro,jul_2019_22,7,2019,22/07/2019 8:36,0,0.032358983,266.1743185,17896
Dnipro,jul_2019_24,7,2019,24/07/2019 9:00,2,0.012771613,101.2874754,1436
Dnipro,jun_2021_05,6,2021,05/06/2021 8:37,5,0.06059678,462.9802035,30709
Dnipro,jun_2021_30,6,2021,30/06/2021 8:33,2,0.008368919,67.00677152,2619
Dnipro,mar_2020_01,3,2020,01/03/2020 9:06,6,0.007551331,60.17442797,856
Dnipro,oct_2020_08,10,2020,08/10/2020 8:56,3,0.027614301,219.1539424,10303
Dnipro,oct_2021_09,10,2021,09/10/2021 8:34,5,0.006425364,50.25933706,263
Dnipro,sep_2019_01,9,2019,01/09/2019 8:32,6,0.036635228,300.6347774,13404
Dnipro,sep_2021_30,9,2021,30/09/2021 8:27,3,0.022925545,182.0511958,837
Donetsk,apr_2020_10,4,2020,10/04/2020 8:52,4,0.02132735,169.1975004,6689
Donetsk,apr_2021_25,4,2021,25/04/2021 8:34,6,0.021123022,168.5119672,8211
Donetsk,apr_2022_25,4,2022,25/04/2022 8:50,0,0.035356466,276.5685094,5311
Donetsk,apr_2022_27,4,2022,27/04/2022 8:32,2,0.003281784,26.3848413,40
Donetsk,aug_2020_04,8,2020,04/08/2020 8:31,1,0.012803854,101.8376005,8216
Donetsk,aug_2020_18,8,2020,18/08/2020 8:51,1,0.017023048,137.9215032,4448
Donetsk,b_s1,10,2021,16/10/2021 8:44,5,0.059059962,465.3035169,5283
Donetsk,dec_2019_20,12,2019,20/12/2019 8:27,4,0.002572728,20.48536092,30
Donetsk,feb_2020_16,2,2020,16/02/2020 8:45,6,0.015948086,126.1435318,103
Donetsk,feb_2022_15,2,2022,15/02/2022 8:46,1,0.058306993,460.6495455,1594
Donetsk,jan_2020_02,1,2020,02/01/2020 8:34,3,0.010975678,87.86863222,77
Donetsk,jul_2020_06,7,2020,06/07/2020 8:48,0,0.044984106,363.9952403,4443
Donetsk,jul_2020_12,7,2020,12/07/2020 8:40,6,0.001471057,11.54825226,4
Donetsk,jul_2021_08,7,2021,08/07/2021 8:34,3,0.010697971,86.1654439,5532
Donetsk,jul_2021_13,7,2021,13/07/2021 8:17,1,0.010057658,79.85889618,217
Donetsk,jul_2022_07,7,2022,07/07/2022 8:17,3,0.023951678,192.2314647,252
Donetsk,jul_2022_19,7,2022,19/07/2022 8:41,1,0.017300995,134.4383685,446
Donetsk,jul_2022_20,7,2022,20/07/2022 8:36,2,0.022871962,179.600186,5839
Donetsk,jul_2022_27,7,2022,27/07/2022 8:32,2,0.030905902,250.0993991,2929
Donetsk,jul_2022_30,7,2022,30/07/2022 8:40,5,0.012585485,102.5453323,606
Donetsk,jun_2019_27,6,2019,27/06/2019 8:58,3,0.016027596,129.425508,1232
Donetsk,jun_2021_21,6,2021,21/06/2021 8:47,0,0.035199038,283.2998185,11687
Donetsk,jun_2022_01,6,2022,01/06/2022 8:38,2,0.041931266,339.9077697,20218
Donetsk,jun_2022_13,6,2022,13/06/2022 8:32,0,0.024333558,196.6812646,1937
Donetsk,jun_2022_17,6,2022,17/06/2022 8:51,4,0.010004486,80.5307639,189
Donetsk,mar_2020_17,3,2020,17/03/2020 8:37,1,0.058799664,464.5496866,14454
Donetsk,mar_2022_11,3,2022,11/03/2022 8:45,4,0.018729765,151.3671889,505
Donetsk,mar_2022_18,3,2022,18/03/2022 8:04,4,0.029218185,231.1360068,135
Donetsk,mar_2022_26,3,2022,26/03/2022 8:09,5,0.035205151,282.2469141,741
Donetsk,mar_2022_30,3,2022,30/03/2022 9:02,2,0.050404528,402.7193138,5591
Donetsk,may_2019_20,5,2019,20/05/2019 8:59,0,0.030254012,241.547472,1002
Donetsk,may_2019_27,5,2019,27/05/2019 8:40,0,0.003159238,24.4707148,58
Donetsk,may_2019_31,5,2019,31/05/2019 8:53,4,0.01675221,132.2414525,7227
Donetsk,may_2022_07,5,2022,07/05/2022 8:38,5,0.003566402,27.88188021,12
Donetsk,may_2022_08,5,2022,08/05/2022 8:26,6,0.003464562,28.01983223,62
Donetsk,nov_2019_15,11,2019,15/11/2019 9:06,4,0.002508343,20.00382587,5
Donetsk,nov_2020_19,11,2020,19/11/2020 8:18,3,0.020462621,162.6343171,2509
Donetsk,oct_2019_03,10,2019,03/10/2019 8:49,3,0.015427596,121.5779841,1927
Donetsk,oct_2019_14,10,2019,14/10/2019 8:45,0,0.006578068,52.56434782,815
Donetsk,oct_2019_31,10,2019,31/10/2019 8:23,3,0.056825217,449.84648,1602
Donetsk,oct_2020_07,10,2020,07/10/2020 8:23,2,0.003735583,30.08795254,10
Donetsk,oct_2021_16,10,2021,16/10/2021 8:44,5,0.059059962,465.3035169,5283
Donetsk,oct_2021_21,10,2021,21/10/2021 8:54,3,0.024605084,197.4247819,1947
Donetsk,sep_2019_24,9,2019,24/09/2019 8:46,1,0.053182426,404.7749135,18006
Donetsk,sep_2019_25,9,2019,25/09/2019 9:02,2,0.003163789,24.51041644,39
Donetsk,sep_2020_26,9,2020,26/09/2020 8:20,5,0.001329727,10.4977772,22
Donetsk,sep_2021_14,9,2021,14/09/2021 8:37,1,0.015361677,124.2236587,8612
Donetsk,sep_2021_15,9,2021,15/09/2021 8:51,2,0.020525609,162.9972831,757
Donetsk,sep_2022_02,9,2022,02/09/2022 8:27,4,0.006648089,53.52832043,413
Donetsk,sep_2022_03,9,2022,03/09/2022 8:13,5,0.032862408,264.1772118,1151
Drohobych,jan_2019_19,1,2019,19/01/2019 9:48,5,0.02847753,212.3457437,408
Drohobych,mar_2019_17,3,2019,17/03/2019 9:47,6,0.021608222,168.3093955,3329
Drohobych,mar_2019_23,3,2019,23/03/2019 9:32,5,0.018989078,142.9348486,1427
Drohobych,nov_2019_12,11,2019,12/11/2019 9:17,1,0.028441652,212.3155577,110
Drohobych,nov_2020_19,11,2020,19/11/2020 9:34,3,0.023592605,177.1276141,863
Drohobych,nov_2021_13,11,2021,13/11/2021 9:44,5,0.025797488,196.5205438,268
Drohobych,oct_2021_06,10,2021,06/10/2021 9:46,2,0.028416341,212.25076,856
Hremiach,apr_2019_23,4,2019,23/04/2019 8:50,1,0.004498957,31.21178959,12
Hremiach,aug_2020_23,8,2020,23/08/2020 9:14,6,0.001426721,10.22124313,2
Hremiach,may_2019_03,5,2019,03/05/2019 9:23,4,0,20.77843966,0
Hremiach,may_2019_20,5,2019,20/05/2019 8:58,0,0,8.324629369,0
Ivano-Frankivsk,apr_2022_20,4,2022,20/04/2022 9:30,2,0.020195754,152.5688689,3469
Ivano-Frankivsk,aug_2019_17,8,2019,17/08/2019 9:20,5,0.016790152,127.0473963,696
Ivano-Frankivsk,aug_2022_25,8,2022,25/08/2022 9:37,3,0.018694279,146.1725146,15507
Ivano-Frankivsk,feb_2019_07,2,2019,07/02/2019 9:50,3,0.01553908,121.9616571,1222
Ivano-Frankivsk,jan_2019_19,1,2019,19/01/2019 9:41,5,0.013601677,107.4508799,696
Ivano-Frankivsk,jan_2020_02,1,2020,02/01/2020 9:39,3,0,122.8635024,0
Ivano-Frankivsk,jan_2020_25,1,2020,25/01/2020 9:35,5,0.021487578,162.8645032,7335
Ivano-Frankivsk,jan_2022_21,1,2022,21/01/2022 9:13,4,0.021891101,163.0015784,2444
Ivano-Frankivsk,jul_2019_21,7,2019,21/07/2019 9:15,6,0.021891101,163.0013701,1660
Ivano-Frankivsk,jul_2020_16,7,2020,16/07/2020 9:18,3,0.016249101,122.8367909,1719
Ivano-Frankivsk,jul_2021_25,7,2021,25/07/2021 9:35,6,0.012845269,100.7746479,4412
Ivano-Frankivsk,jul_2022_18,7,2022,18/07/2022 9:51,0,0.008100265,63.82180967,288
Ivano-Frankivsk,jul_2022_21,7,2022,21/07/2022 9:41,3,0.015247051,119.5722994,2190
Ivano-Frankivsk,mar_2021_03,3,2021,03/03/2021 9:41,2,0.014756905,115.8159966,3932
Ivano-Frankivsk,mar_2022_21,3,2022,21/03/2022 9:41,0,0.021550153,161.4806242,11139
Ivano-Frankivsk,may_2022_06,5,2022,06/05/2022 9:40,4,0.012315505,96.97567435,5006
Ivano-Frankivsk,may_2022_18,5,2022,18/05/2022 9:50,2,0.01650549,125.3648124,13428
Ivano-Frankivsk,nov_2019_29,11,2019,29/11/2019 9:32,4,0.019863301,149.9003862,3636
Ivano-Frankivsk,oct_2021_22,10,2021,22/10/2021 9:43,4,0.002645663,20.61574817,36
Kamyanets-Podilskyi,aug_2021_08,8,2021,08/08/2021 9:20,6,0.009059509,69.61341819,1075
Kamyanets-Podilskyi,feb_2019_08,2,2019,08/02/2019 9:14,4,0.009059509,69.61341819,362
Kamyanets-Podilskyi,feb_2019_16,2,2019,16/02/2019 9:20,5,0.009059509,69.61340051,291
Kamyanets-Podilskyi,feb_2019_19,2,2019,19/02/2019 9:34,1,0.009059509,69.61341819,1688
Kamyanets-Podilskyi,feb_2020_23,2,2020,23/02/2020 9:23,6,0.009059509,69.61341819,271
Kamyanets-Podilskyi,feb_2021_25,2,2021,25/02/2021 9:17,3,0.009059509,69.61341819,1164
Kamyanets-Podilskyi,jun_2022_04,6,2022,04/06/2022 9:25,5,0.008655542,67.04744025,3625
Kamyanets-Podilskyi,mar_2020_27,3,2020,27/03/2020 9:07,4,0.009059509,69.61341819,1148
Kamyanets-Podilskyi,may_2021_07,5,2021,07/05/2021 9:15,4,0.009059509,69.61341819,5117
Katerynivka,apr_2020_04,4,2020,04/04/2020 9:13,5,0.038594732,284.2258048,133
Katerynivka,aug_2021_16,8,2021,16/08/2021 8:55,0,0.026455227,196.3046816,12
Katerynivka,feb_2020_29,2,2020,29/02/2020 9:02,5,0.023917477,177.9770156,332
Katerynivka,jul_2020_25,7,2020,25/07/2020 8:46,5,0.046365317,338.129903,585
Katerynivka,mar_2019_18,3,2019,18/03/2019 8:38,0,0.024316218,180.4718538,645
Katerynivka,mar_2019_27,3,2019,27/03/2019 9:04,2,0.026547322,196.9101248,1101
Katerynivka,sep_2020_06,9,2020,06/09/2020 9:03,6,0.009525005,70.11482173,12
Kharkiv,apr_2020_02,4,2020,02/04/2020 8:46,3,0.023814609,180.4374109,19519
Kharkiv,apr_2020_07,4,2020,07/04/2020 8:30,1,0.050908227,386.9416952,34766
Kharkiv,apr_2022_05,4,2022,05/04/2022 8:37,1,0.033870641,261.8792278,15325
Kharkiv,apr_2022_07,4,2022,07/04/2022 7:56,3,0.026640563,204.4244065,194
Kharkiv,apr_2022_16,4,2022,16/04/2022 8:36,5,0.004127057,31.83548719,45
Kharkiv,apr_2022_22,4,2022,22/04/2022 8:40,4,0.008257136,63.58161886,251
Kharkiv,apr_2022_24,4,2022,24/04/2022 8:41,6,0.013146268,102.1790265,1136
Kharkiv,apr_2022_25,4,2022,25/04/2022 8:50,0,0.000694533,5.379301058,11
Kharkiv,aug_2021_02,8,2021,02/08/2021 8:55,0,0.023484399,183.4344723,38827
Kharkiv,aug_2022_22,8,2022,22/08/2022 8:49,0,0.025064165,195.8411937,23212
Kharkiv,b_s1,11,2021,17/11/2021 8:57,2,0.040098906,309.758364,6596
Kharkiv,feb_2021_19,2,2021,19/02/2021 8:44,4,0.039790464,311.9319088,133
Kharkiv,feb_2022_20,2,2022,20/02/2022 9:01,6,0.050908227,386.9440486,8612
Kharkiv,jan_2021_18,1,2021,18/01/2021 8:23,0,0.040852547,312.8393838,100
Kharkiv,jan_2022_13,1,2022,13/01/2022 8:48,3,0.021330058,163.3518401,11075
Kharkiv,jul_2021_14,7,2021,14/07/2021 8:54,2,0.026305116,206.8529841,48267
Kharkiv,jul_2021_15,7,2021,15/07/2021 9:03,3,0.0358709,281.7636185,24391
Kharkiv,jul_2022_09,7,2022,09/07/2022 8:41,5,0.02982375,231.316517,14196
Kharkiv,jun_2019_16,6,2019,16/06/2019 8:22,6,0.012333723,95.12468024,2268
Kharkiv,jun_2020_09,6,2020,09/06/2020 8:34,1,0.050908227,386.942224,45689
Kharkiv,jun_2020_14,6,2020,14/06/2020 8:58,6,0.020407293,157.5441719,6131
Kharkiv,jun_2021_24,6,2021,24/06/2021 8:37,3,0.021283405,165.8416842,14063
Kharkiv,jun_2022_15,6,2022,15/06/2022 8:26,2,0.035313132,275.8172485,4211
Kharkiv,mar_2020_01,3,2020,01/03/2020 9:05,6,0.050908227,386.9422281,20063
Kharkiv,mar_2022_16,3,2022,16/03/2022 9:16,2,0.047359945,364.7925962,12
Kharkiv,mar_2022_17,3,2022,17/03/2022 8:30,3,0.015247451,120.5348921,651
Kharkiv,mar_2022_19,3,2022,19/03/2022 9:06,5,0.025188865,193.0003,1013
Kharkiv,mar_2022_22,3,2022,22/03/2022 8:57,1,0.017184662,134.2343788,706
Kharkiv,mar_2022_23,3,2022,23/03/2022 8:20,2,0.022091707,169.3998982,251
Kharkiv,may_2021_22,5,2021,22/05/2021 8:53,5,0.030505464,241.4630307,23047
Kharkiv,may_2021_25,5,2021,25/05/2021 9:01,1,0.027839143,219.2321477,59819
Kharkiv,may_2021_28,5,2021,28/05/2021 8:32,4,0.023772772,185.4277148,12080
Kharkiv,may_2022_05,5,2022,05/05/2022 8:36,3,0.0313666,245.9317619,8969
Kharkiv,may_2022_08,5,2022,08/05/2022 8:51,6,0.005502522,42.01936457,1195
Kharkiv,may_2022_20,5,2022,20/05/2022 8:44,4,0.031937185,246.4300191,29483
Kharkiv,nov_2021_17,11,2021,17/11/2021 8:57,2,0.040098906,309.758364,6596
Kharkiv,oct_2020_08,10,2020,08/10/2020 8:56,3,0.034716036,270.5909516,33399
Kharkiv,oct_2020_09,10,2020,09/10/2020 8:48,4,0.009044266,69.37645155,742
Kharkiv,oct_2021_09,10,2021,09/10/2021 8:34,5,0.002661349,20.35404344,632
Kharkiv,oct_2021_10,10,2021,10/10/2021 8:57,6,0.042446815,326.3276836,12760
Kharkiv,sep_2022_01,9,2022,01/09/2022 8:54,3,0.043784863,338.5765053,1596
Kharkiv,sep_2022_03,9,2022,03/09/2022 8:41,5,0.015368104,117.2977334,579
Kherson,apr_2020_24,4,2020,24/04/2020 8:52,4,0.01128312,91.93362064,2886
Kherson,apr_2020_29,4,2020,29/04/2020 8:54,2,0.007856954,62.80505983,1909
Kherson,apr_2022_07,4,2022,07/04/2022 9:08,3,0.009280046,75.38395002,1411
Kherson,apr_2022_15,4,2022,15/04/2022 9:14,4,0.016461539,132.7081403,1555
Kherson,apr_2022_20,4,2022,20/04/2022 9:11,2,0.008786459,71.38077285,716
Kherson,apr_2022_25,4,2022,25/04/2022 8:51,0,0.009607964,78.12918277,2797
Kherson,aug_2019_19,8,2019,19/08/2019 9:14,0,0.016467915,132.7233075,11826
Kherson,aug_2021_22,8,2021,22/08/2021 9:05,6,0.016467915,132.7232966,1826
Kherson,aug_2022_19,8,2022,19/08/2022 8:32,4,0.013351496,108.5037532,242
Kherson,aug_2022_23,8,2022,23/08/2022 9:07,1,0.003141307,25.80656252,71
Kherson,aug_2022_29,8,2022,29/08/2022 9:03,0,0.007027904,57.46634589,1233
Kherson,b_s1,11,2021,11/11/2021 8:54,3,0.016462742,132.7232945,11597
Kherson,jul_2019_12,7,2019,12/07/2019 9:10,4,0.012176214,98.84669507,9912
Kherson,jul_2022_22,7,2022,22/07/2022 8:55,4,0.009194464,74.65360043,1607
Kherson,mar_2021_04,3,2021,04/03/2021 9:09,3,0.016467915,132.7233012,9695
Kherson,mar_2022_14,3,2022,14/03/2022 9:30,0,0.003148949,26.21521076,48
Kherson,mar_2022_16,3,2022,16/03/2022 9:33,2,0.016462742,132.7232804,54
Kherson,mar_2022_31,3,2022,31/03/2022 8:39,3,0.016467915,132.7232804,295
Kherson,may_2022_07,5,2022,07/05/2022 9:03,5,0.001956981,15.90932536,10
Kherson,may_2022_08,5,2022,08/05/2022 8:53,6,0.000623552,5.083666422,101
Kherson,nov_2021_11,11,2021,11/11/2021 8:54,3,0.016462742,132.7232945,11597
Kherson,sep_2020_09,9,2020,09/09/2020 8:54,2,0.005616389,44.90725686,2066
Kherson,sep_2022_21,9,2022,21/09/2022 9:05,2,0.003129933,25.38982619,433
Khmelnytskyi,aug_2020_15,8,2020,15/08/2020 9:14,5,0.014054144,107.1128454,1373
Khmelnytskyi,aug_2020_26,8,2020,26/08/2020 9:17,2,0.012845464,100.4538366,7394
Khmelnytskyi,dec_2019_31,12,2019,31/12/2019 9:12,1,0.001240291,9.706521681,1
Khmelnytskyi,feb_2020_07,2,2020,07/02/2020 9:41,4,0.008826464,69.32758608,1297
Khmelnytskyi,feb_2021_25,2,2021,25/02/2021 8:59,3,0.019262691,146.5244931,1967
Khmelnytskyi,jan_2020_08,1,2020,08/01/2020 9:18,2,0.000950793,7.469684891,7
Khmelnytskyi,jan_2020_25,1,2020,25/01/2020 9:35,5,0.012172985,94.89369155,910
Khmelnytskyi,jul_2019_01,7,2019,01/07/2019 9:08,0,0.02320034,174.2741866,5348
Khmelnytskyi,jul_2022_02,7,2022,02/07/2022 9:40,5,0.014763634,111.5587827,5450
Khmelnytskyi,jun_2019_13,6,2019,13/06/2019 9:14,3,0.018274797,138.7988117,3061
Khmelnytskyi,jun_2019_18,6,2019,18/06/2019 9:31,1,0.000995765,7.825634398,28
Khmelnytskyi,jun_2020_27,6,2020,27/06/2020 9:19,5,0.000894042,6.857954645,38
Khmelnytskyi,jun_2022_23,6,2022,23/06/2022 9:30,3,0.018811241,142.3245628,1093
Khmelnytskyi,mar_2020_23,3,2020,23/03/2020 9:21,0,0.001152322,9.019941194,61
Khmelnytskyi,may_2022_01,5,2022,01/05/2022 9:25,6,0.00547653,42.32134526,1049
Khmelnytskyi,may_2022_12,5,2022,12/05/2022 9:20,3,0.005204386,40.39082903,542
Khmelnytskyi,nov_2019_05,11,2019,05/11/2019 9:50,1,0.021464522,163.4618612,3955
Khmelnytskyi,nov_2020_23,11,2020,23/11/2020 9:28,0,0.001711521,13.16196188,1
Khmelnytskyi,nov_2021_26,11,2021,26/11/2021 9:30,4,0.011244676,85.62620506,686
Khmelnytskyi,oct_2021_15,10,2021,15/10/2021 9:13,4,0.021024151,159.7381814,230
Khmelnytskyi,oct_2021_25,10,2021,25/10/2021 9:24,0,0.02310194,174.2156675,16137
Khmelnytskyi,sep_2021_30,9,2021,30/09/2021 9:29,3,0.016516085,129.3764979,9491
Kolomyiska,feb_2021_21,2,2021,21/02/2021 9:36,6,0.039457954,302.9081822,81
Kolomyiska,jul_2022_26,7,2022,26/07/2022 9:56,1,0.029091857,231.4207713,234
Kolomyiska,nov_2021_26,11,2021,26/11/2021 9:31,4,0.028108224,230.1589931,948
Kolomyiska,oct_2021_25,10,2021,25/10/2021 9:46,0,0.005902294,46.70263701,2
Kolomyiska,sep_2019_13,9,2019,13/09/2019 9:27,4,0.018075223,142.5965468,186
Kolomyiska,sep_2022_05,9,2022,05/09/2022 9:46,0,0.025348702,200.9367462,303
Konotop,aug_2020_07,8,2020,07/08/2020 9:09,4,0.010275607,74.67901878,99
Konotop,aug_2021_16,8,2021,16/08/2021 8:55,0,0.018385372,132.9678112,1985
Konotop,aug_2022_05,8,2022,05/08/2022 8:46,4,0.018385372,132.9678112,225
Konotop,jul_2020_11,7,2020,11/07/2020 9:02,5,0.018385372,132.9678112,322
Konotop,jul_2022_03,7,2022,03/07/2022 9:02,6,0.017878447,131.0540658,771
Konotop,mar_2019_18,3,2019,18/03/2019 9:15,0,0.018385372,132.9678112,1446
Konotop,mar_2022_21,3,2022,21/03/2022 9:13,0,0.011669123,85.11150289,743
Konotop,nov_2019_15,11,2019,15/11/2019 9:08,4,0.018380709,132.9678112,87
Konotop,oct_2020_28,10,2020,28/10/2020 9:09,2,0,1.896967658,0
Kovel,feb_2021_01,2,2021,01/02/2021 9:46,0,0,59.85409945,0
Kovel,feb_2021_23,2,2021,23/02/2021 9:36,1,0.015353505,112.8652227,161
Kovel,mar_2019_20,3,2019,20/03/2019 9:41,2,0.018161844,131.1388675,1367
Kovel,may_2022_18,5,2022,18/05/2022 9:50,2,0.016869713,124.4042361,5031
Kozyatyn,feb_2019_21,2,2019,21/02/2019 9:35,3,0.001426611,10.74677492,1
Kozyatyn,may_2021_11,5,2021,11/05/2021 8:59,1,0.017194744,126.1993963,222
Kramatorsk,aug_2022_08,8,2022,08/08/2022 8:28,0,0.019767567,150.25873,1119
Kramatorsk,aug_2022_25,8,2022,25/08/2022 8:10,3,0.002690475,21.45959769,7
Kramatorsk,b_s1,1,2022,12/01/2022 8:32,2,0.016864699,131.7697873,1163
Kramatorsk,b_s2,10,2021,03/10/2021 8:17,6,0.019767567,150.2587337,97
Kramatorsk,dec_2020_08,12,2020,08/12/2020 8:35,1,0.013491704,106.8297909,606
Kramatorsk,jan_2022_12,1,2022,12/01/2022 8:32,2,0.016864699,131.7697873,1163
Kramatorsk,jul_2022_24,7,2022,24/07/2022 8:23,6,0.019767567,150.2587337,285
Kramatorsk,jun_2019_27,6,2019,27/06/2019 8:58,3,0.015997758,123.5159001,3523
Kramatorsk,mar_2019_30,3,2019,30/03/2019 8:35,5,0.019767567,150.2587337,310
Kramatorsk,may_2019_27,5,2019,27/05/2019 8:40,0,0.010444758,79.72389903,1289
Kramatorsk,may_2020_02,5,2020,02/05/2020 8:46,5,0.007454695,56.30582812,700
Kramatorsk,nov_2019_15,11,2019,15/11/2019 9:06,4,0.008956639,70.77908973,101
Kramatorsk,nov_2019_24,11,2019,24/11/2019 8:35,6,0.008491605,67.22139693,20
Kramatorsk,oct_2020_10,10,2020,10/10/2020 8:11,5,0,9.896102268,0
Kramatorsk,oct_2020_15,10,2020,15/10/2020 8:15,3,0.006035483,47.02738395,26
Kramatorsk,oct_2021_03,10,2021,03/10/2021 8:17,6,0.019767567,150.2587337,97
Kramatorsk,sep_2020_12,9,2020,12/09/2020 8:43,5,0.012323179,97.59929899,681
Kramatorsk,sep_2020_15,9,2020,15/09/2020 8:18,1,0.007916629,62.0734764,132
Kramatorsk,sep_2021_01,9,2021,01/09/2021 8:41,2,0.019767567,150.2587337,4317
Kremenchuk,apr_2019_21,4,2019,21/04/2019 9:06,6,0.005456556,42.70323512,267
Kremenchuk,apr_2022_07,4,2022,07/04/2022 9:07,3,0.012142391,94.80148347,1585
Kremenchuk,aug_2019_26,8,2019,26/08/2019 9:24,0,0.002370803,18.40948916,26
Kremenchuk,aug_2021_12,8,2021,12/08/2021 8:32,3,0.040131005,306.9125754,899
Kremenchuk,aug_2022_27,8,2022,27/08/2022 8:38,5,0.026654957,206.7401226,517
Kremenchuk,feb_2020_08,2,2020,08/02/2020 9:11,5,0.000606276,4.62361593,1
Kremenchuk,feb_2020_17,2,2020,17/02/2020 9:00,0,0.018004152,144.4061897,1697
Kremenchuk,feb_2022_21,2,2022,21/02/2022 9:02,0,0.035381932,273.2322702,2147
Kremenchuk,jan_2019_20,1,2019,20/01/2019 9:13,6,0,42.45965783,0
Kremenchuk,jan_2021_17,1,2021,17/01/2021 8:46,6,0.017840711,143.1400514,134
Kremenchuk,jan_2021_18,1,2021,18/01/2021 9:02,0,0.033261845,256.9122792,219
Kremenchuk,mar_2019_18,3,2019,18/03/2019 9:15,0,0.001041001,8.0378901,8
Kremenchuk,mar_2019_21,3,2019,21/03/2019 9:13,3,0.021610429,173.1450945,4131
Kremenchuk,mar_2021_04,3,2021,04/03/2021 9:08,3,0.038686033,297.2119654,9359
Kremenchuk,mar_2022_17,3,2022,17/03/2022 8:41,3,0.023504287,182.5749618,1904
Kremenchuk,oct_2019_15,10,2019,15/10/2019 9:19,1,0.025598948,199.2001831,5215
Kremenchuk,oct_2021_04,10,2021,04/10/2021 8:53,0,0.005731295,43.5463505,196
Kremenchuk,sep_2019_07,9,2019,07/09/2019 9:15,5,0.040106403,306.9129519,7578
Kropyvnytskyi,aug_2019_19,8,2019,19/08/2019 9:13,0,0.012227173,96.94401846,4458
Kropyvnytskyi,aug_2019_20,8,2019,20/08/2019 9:29,1,0.005825301,44.63333114,325
Kropyvnytskyi,aug_2020_18,8,2020,18/08/2020 9:04,1,0.028723586,219.9730734,1087
Kropyvnytskyi,aug_2021_08,8,2021,08/08/2021 8:50,6,0.028746141,219.9730816,9753
Kropyvnytskyi,aug_2022_13,8,2022,13/08/2022 8:54,5,0.022523914,175.8299145,452
Kropyvnytskyi,aug_2022_21,8,2022,21/08/2022 8:57,6,0.023390306,183.291517,1391
Kropyvnytskyi,jan_2021_17,1,2021,17/01/2021 9:01,6,0.014491842,115.34042,31
Kropyvnytskyi,jul_2022_21,7,2022,21/07/2022 8:39,3,0.023877188,184.6705769,8403
Kropyvnytskyi,jun_2019_18,6,2019,18/06/2019 9:28,1,0.018334285,145.6046181,5281
Kropyvnytskyi,jun_2020_10,6,2020,10/06/2020 9:01,2,0.0178814,142.6961173,15492
Kropyvnytskyi,mar_2022_23,3,2022,23/03/2022 8:34,2,0.021347593,167.2353826,4496
Kropyvnytskyi,may_2019_01,5,2019,01/05/2019 8:43,2,0.003179446,25.00695453,158
Kropyvnytskyi,may_2020_13,5,2020,13/05/2020 8:46,2,0.028746722,219.9731279,8165
Kropyvnytskyi,sep_2020_13,9,2020,13/09/2020 9:01,6,0.016644877,133.1166494,7643
KryvyiRih,apr_2019_20,4,2019,20/04/2019 9:01,5,0.002671871,21.34867935,41
KryvyiRih,apr_2020_29,4,2020,29/04/2020 8:53,2,0.07585215,595.7304318,4293
KryvyiRih,aug_2019_14,8,2019,14/08/2019 9:33,2,0.056178699,448.353716,331
KryvyiRih,aug_2022_13,8,2022,13/08/2022 8:52,5,0.017029163,135.0233606,322
KryvyiRih,aug_2022_21,8,2022,21/08/2022 8:57,6,0.01708348,135.4902602,146
KryvyiRih,b_s1,10,2021,04/10/2021 8:53,0,0.045143153,357.942578,13991
KryvyiRih,b_s2,3,2021,04/03/2021 9:09,3,0.037242836,291.6077649,8473
KryvyiRih,feb_2020_04,2,2020,04/02/2020 8:56,1,0.075684783,595.1442276,4396
KryvyiRih,feb_2022_21,2,2022,21/02/2022 9:02,0,0.035438236,276.9194372,4127
KryvyiRih,jan_2019_20,1,2019,20/01/2019 9:12,6,0.017355986,235.1866441,1
KryvyiRih,jul_2019_05,7,2019,05/07/2019 8:59,4,0.07585215,595.7241177,14448
KryvyiRih,jul_2022_28,7,2022,28/07/2022 8:51,3,0.033137993,258.6108104,6060
KryvyiRih,jun_2022_08,6,2022,08/06/2022 8:51,2,0.023320152,185.8326148,2987
KryvyiRih,mar_2021_04,3,2021,04/03/2021 9:09,3,0.037242836,291.6077649,8473
KryvyiRih,oct_2020_25,10,2020,25/10/2020 8:58,6,0.002835998,22.48599623,200
KryvyiRih,oct_2021_04,10,2021,04/10/2021 8:53,0,0.045143153,357.942578,13991
Kuchurhan,aug_2019_20,8,2019,20/08/2019 9:10,1,0.0020041,16.37346455,14
Kuchurhan,aug_2019_31,8,2019,31/08/2019 9:05,5,0.008356602,67.06524308,375
Kuchurhan,aug_2021_09,8,2021,09/08/2021 9:07,0,0.008049058,65.46861963,108
Kuchurhan,jul_2019_29,7,2019,29/07/2019 9:21,0,0.003260134,26.00181311,3
Kuchurhan,mar_2022_12,3,2022,12/03/2022 9:01,5,0.007151495,57.22646023,421
Kuchurhan,mar_2022_26,3,2022,26/03/2022 9:20,5,0.006100113,48.70512396,235
Kuchurhan,oct_2021_24,10,2021,24/10/2021 9:10,6,0.008215413,65.93996559,350
Kyiv,apr_2019_03,4,2019,03/04/2019 9:19,2,0.071195746,519.1291293,202989
Kyiv,apr_2022_15,4,2022,15/04/2022 9:23,4,0.066871447,492.5130444,42289
Kyiv,aug_2019_06,8,2019,06/08/2019 9:22,1,0.025194405,193.6879804,34476
Kyiv,aug_2019_25,8,2019,25/08/2019 9:09,6,0.035933166,270.2005425,62945
Kyiv,aug_2022_24,8,2022,24/08/2022 9:22,2,0.026683391,206.4571079,16694
Kyiv,b_s1,10,2021,31/10/2021 9:25,6,0.061443745,453.1089587,39472
Kyiv,dec_2019_31,12,2019,31/12/2019 9:12,1,0.048136349,359.3045043,967
Kyiv,feb_2022_20,2,2022,20/02/2022 9:00,6,0.011029372,84.13581481,1446
Kyiv,feb_2022_22,2,2022,22/02/2022 9:26,1,0.014518924,110.232364,3618
Kyiv,feb_2022_28,2,2022,28/02/2022 9:06,0,0.071277588,519.1295823,38684
Kyiv,jan_2021_31,1,2021,31/01/2021 8:44,6,0.016601112,125.9842823,25
Kyiv,jul_2022_22,7,2022,22/07/2022 8:55,4,0.017739343,136.7030039,69301
Kyiv,jul_2022_28,7,2022,28/07/2022 8:51,3,0.00505013,38.84706427,946
Kyiv,jun_2022_30,6,2022,30/06/2022 9:12,3,0.02976134,233.1371131,62901
Kyiv,mar_2019_03,3,2019,03/03/2019 9:26,6,0.071150047,519.1293145,171747
Kyiv,mar_2019_15,3,2019,15/03/2019 9:17,4,0.001216563,9.039688414,449
Kyiv,mar_2020_03,3,2020,03/03/2020 9:36,1,0.034924283,265.4983483,59278
Kyiv,mar_2020_20,3,2020,20/03/2020 9:06,4,0.010504532,79.32724924,4678
Kyiv,mar_2022_08,3,2022,08/03/2022 9:13,1,0,6.600796656,0
Kyiv,mar_2022_10,3,2022,10/03/2022 9:38,3,0.071277588,519.1290996,9802
Kyiv,mar_2022_11,3,2022,11/03/2022 9:00,4,0.055392634,423.6408606,1024
Kyiv,mar_2022_14,3,2022,14/03/2022 8:50,0,0.054915021,420.0543985,2197
Kyiv,mar_2022_18,3,2022,18/03/2022 9:05,4,0.010736618,78.86583733,8326
Kyiv,mar_2022_19,3,2022,19/03/2022 9:05,5,0.057305481,423.0997935,7647
Kyiv,mar_2022_21,3,2022,21/03/2022 9:32,0,0.003638071,26.98363689,588
Kyiv,mar_2022_25,3,2022,25/03/2022 8:47,4,0.008226412,63.18488961,19
Kyiv,mar_2022_31,3,2022,31/03/2022 8:58,3,0.042612502,327.6809552,58651
Kyiv,may_2022_09,5,2022,09/05/2022 9:28,0,0.002458093,18.85805889,1002
Kyiv,may_2022_12,5,2022,12/05/2022 9:18,3,0.02510582,194.366813,72039
Kyiv,oct_2021_11,10,2021,11/10/2021 9:03,0,0.025352814,190.7677537,73715
Kyiv,oct_2021_12,10,2021,12/10/2021 9:19,1,0.007109424,54.23969273,1638
Kyiv,oct_2021_15,10,2021,15/10/2021 8:47,4,0.011126649,86.048231,3425
Kyiv,oct_2021_31,10,2021,31/10/2021 9:25,6,0.042504965,330.633298,16810
Kyiv,sep_2020_26,9,2020,26/09/2020 9:05,5,0.029294381,227.7526666,69850
Kyiv,sep_2020_28,9,2020,28/09/2020 8:53,0,0.019039734,143.9384522,7992
Kyiv,sep_2021_07,9,2021,07/09/2021 9:14,1,0.006551921,49.911291,8486
Luhansk,apr_2020_02,4,2020,02/04/2020 8:47,3,0.015526764,120.980643,182
Luhansk,apr_2020_12,4,2020,12/04/2020 8:13,6,0.005867931,46.34571146,177
Luhansk,apr_2020_13,4,2020,13/04/2020 8:49,0,0.007435031,59.03459879,434
Luhansk,apr_2020_19,4,2020,19/04/2020 8:21,6,0,104.2799882,0
Luhansk,apr_2020_26,4,2020,26/04/2020 8:24,6,0.00534618,42.07934463,791
Luhansk,apr_2022_19,4,2022,19/04/2022 8:26,1,0.008526196,67.88501298,298
Luhansk,aug_2020_03,8,2020,03/08/2020 8:43,0,0.005956393,47.03729517,162
Luhansk,aug_2020_05,8,2020,05/08/2020 8:42,2,0.006391174,50.55634368,266
Luhansk,dec_2019_16,12,2019,16/12/2019 8:24,0,0.042044895,333.6786293,79
Luhansk,feb_2019_24,2,2019,24/02/2019 9:14,6,0.005524891,43.45369695,9
Luhansk,feb_2021_17,2,2021,17/02/2021 8:18,2,0.014319744,111.4963079,29
Luhansk,feb_2022_13,2,2022,13/02/2022 8:36,6,0.002971888,23.19247113,92
Luhansk,feb_2022_19,2,2022,19/02/2022 8:32,5,0.002080635,16.42484611,31
Luhansk,feb_2022_20,2,2022,20/02/2022 8:18,6,0.004473514,35.46012958,6
Luhansk,jan_2020_02,1,2020,02/01/2020 8:22,3,0.013454438,107.6853461,68
Luhansk,jan_2021_16,1,2021,16/01/2021 8:17,5,0.023467529,185.2588574,128
Luhansk,jul_2019_22,7,2019,22/07/2019 8:35,0,0.012806388,100.016844,222
Luhansk,jul_2020_04,7,2020,04/07/2020 8:22,5,0.008468345,66.0241187,29
Luhansk,jul_2020_12,7,2020,12/07/2020 8:39,6,0.006700388,52.93811276,590
Luhansk,jul_2020_20,7,2020,20/07/2020 8:32,0,0.039755104,317.0462286,3559
Luhansk,jul_2020_26,7,2020,26/07/2020 8:10,6,0.025135658,196.1709352,238
Luhansk,jul_2021_13,7,2021,13/07/2021 8:17,1,0.002110973,16.71296263,1
Luhansk,jul_2021_21,7,2021,21/07/2021 8:43,2,0.005117539,40.99421978,18
Luhansk,jul_2021_27,7,2021,27/07/2021 8:27,1,0.003807217,30.44891444,20
Luhansk,jul_2022_07,7,2022,07/07/2022 8:15,3,0.002453791,19.24471279,4
Luhansk,jul_2022_08,7,2022,08/07/2022 8:41,4,0.030145331,239.983319,4164
Luhansk,jul_2022_12,7,2022,12/07/2022 8:31,1,0.043038247,341.9519583,6543
Luhansk,jul_2022_13,7,2022,13/07/2022 8:23,2,0.044759677,353.6689445,3458
Luhansk,jun_2019_02,6,2019,02/06/2019 8:35,6,0.055464971,432.6260735,6853
Luhansk,jun_2019_16,6,2019,16/06/2019 8:56,6,0.00156287,12.39720733,20
Luhansk,jun_2020_07,6,2020,07/06/2020 8:15,6,0.005796636,45.75264164,442
Luhansk,jun_2021_19,6,2021,19/06/2021 8:40,5,0.039288115,312.0161083,11178
Luhansk,jun_2021_29,6,2021,29/06/2021 8:18,1,0.006746793,53.45112471,107
Luhansk,jun_2021_30,6,2021,30/06/2021 8:41,2,0,7.418601368,0
Luhansk,jun_2022_12,6,2022,12/06/2022 8:38,6,0.001051573,8.324745988,3
Luhansk,mar_2019_07,3,2019,07/03/2019 8:51,3,0.055464971,432.6260728,6482
Luhansk,mar_2020_30,3,2020,30/03/2020 8:36,0,0,42.72515428,0
Luhansk,may_2020_02,5,2020,02/05/2020 8:44,5,0.014214976,113.8009,1852
Luhansk,may_2021_22,5,2021,22/05/2021 8:20,5,0.005487257,43.43189644,3
Luhansk,nov_2019_16,11,2019,16/11/2019 8:30,5,0.008712243,69.68948307,63
Luhansk,nov_2019_21,11,2019,21/11/2019 8:45,3,0.055464971,432.626162,807
Luhansk,oct_2019_04,10,2019,04/10/2019 8:13,4,0.043423265,342.1350385,141
Luhansk,oct_2019_12,10,2019,12/10/2019 8:18,5,0.023474081,181.5789661,89
Luhansk,oct_2020_04,10,2020,04/10/2020 8:32,6,0.006875909,54.39203524,113
Luhansk,oct_2020_20,10,2020,20/10/2020 8:45,1,0.005007643,39.84085014,439
Luhansk,oct_2021_02,10,2021,02/10/2021 8:23,5,0.055409055,432.6236977,5241
Luhansk,sep_2019_11,9,2019,11/09/2019 8:59,2,0.041401435,326.0184688,656
Luhansk,sep_2020_07,9,2020,07/09/2020 8:26,0,0.009115692,72.43742225,165
Luhansk,sep_2020_13,9,2020,13/09/2020 8:06,6,0.049286258,388.6246149,566
Luhansk,sep_2020_24,9,2020,24/09/2020 8:46,3,0.005618006,44.09590321,324
Lutsk,apr_2019_02,4,2019,02/04/2019 9:25,1,0.023806958,173.0396983,6430
Lutsk,apr_2019_14,4,2019,14/04/2019 9:22,6,0.026364648,189.5204444,4863
Lutsk,apr_2020_03,4,2020,03/04/2020 9:26,4,0.026364648,189.5204542,16149
Lutsk,apr_2021_05,4,2021,05/04/2021 9:11,0,0.021358442,160.4495206,11243
Lutsk,feb_2021_01,2,2021,01/02/2021 9:48,0,0,10.38174356,0
Lutsk,feb_2022_14,2,2022,14/02/2022 9:23,0,0.025417236,183.6650417,949
Lutsk,jan_2019_17,1,2019,17/01/2019 9:22,3,0.023618284,173.4548355,3
Lutsk,jun_2019_15,6,2019,15/06/2019 9:41,5,0.023687595,173.9118426,1785
Lutsk,mar_2019_01,3,2019,01/03/2019 9:41,4,0.024461015,177.4770106,1277
Lutsk,mar_2020_20,3,2020,20/03/2020 9:11,4,0.016521317,124.6730319,2336
Lutsk,mar_2021_08,3,2021,08/03/2021 9:20,0,0.026364648,189.5204511,76
Lutsk,mar_2022_18,3,2022,18/03/2022 9:44,4,0.010698758,79.55063985,746
Lutsk,may_2021_10,5,2021,10/05/2021 9:36,0,0.013815315,104.4487348,829
Lutsk,oct_2019_13,10,2019,13/10/2019 9:21,6,0.013666681,101.3677861,74
Lutsk,oct_2021_06,10,2021,06/10/2021 9:45,2,0.026153942,188.6934305,5104
Lutsk,sep_2020_16,9,2020,16/09/2020 9:34,2,0.026364648,189.5204445,4949
Lutsk,sep_2020_22,9,2020,22/09/2020 9:14,1,0.011500159,86.7894619,4354
Lutsk,sep_2022_05,9,2022,05/09/2022 9:44,0,0.025487963,185.2938642,7386
Lviv,apr_2020_09,4,2020,09/04/2020 9:30,3,0.008279891,63.62220684,1558
Lviv,apr_2020_10,4,2020,10/04/2020 9:37,4,0.001455234,11.0188117,1744
Lviv,apr_2022_25,4,2022,25/04/2022 9:45,0,0.011367633,88.05775007,5448
Lviv,aug_2019_02,8,2019,02/08/2019 9:42,4,0.002070941,15.83159626,2436
Lviv,aug_2019_21,8,2019,21/08/2019 9:45,2,0.026966857,203.8856177,37445
Lviv,aug_2022_25,8,2022,25/08/2022 9:50,3,0.025390739,193.4725612,15652
Lviv,b_s1,2,2022,14/02/2022 9:23,0,0.026928991,203.6371576,1663
Lviv,feb_2022_14,2,2022,14/02/2022 9:23,0,0.026928991,203.6371576,1663
Lviv,feb_2022_24,2,2022,24/02/2022 9:54,3,0.001115877,8.933096357,15
Lviv,feb_2022_25,2,2022,25/02/2022 9:39,4,0.026424232,201.1777838,3433
Lviv,jan_2019_08,1,2019,08/01/2019 9:54,1,0.010872553,83.934369,33
Lviv,jan_2019_19,1,2019,19/01/2019 9:48,5,0.011056487,85.37707855,344
Lviv,jun_2022_30,6,2022,30/06/2022 9:42,3,0.019962386,154.0261803,6788
Lviv,mar_2020_27,3,2020,27/03/2020 9:08,4,0.027089052,204.6399852,3499
Lviv,mar_2022_21,3,2022,21/03/2022 9:40,0,0.013692521,102.140735,20037
Lviv,mar_2022_26,3,2022,26/03/2022 9:50,5,0.006134058,47.75222883,846
Lviv,may_2022_06,5,2022,06/05/2022 9:40,4,0.016793986,129.0220477,4413
Lviv,may_2022_11,5,2022,11/05/2022 9:39,2,0.026732479,201.4255209,56228
Lviv,may_2022_19,5,2022,19/05/2022 10:01,3,0.024684866,189.5120442,8489
Lviv,sep_2019_09,9,2019,09/09/2019 9:46,0,0.002539716,18.7529421,1111
Lviv,sep_2020_22,9,2020,22/09/2020 9:14,1,0.014847676,112.3545572,8034
Lviv,sep_2021_05,9,2021,05/09/2021 9:33,6,0.011152016,82.58700061,15786
Mamalyha,apr_2022_06,4,2022,06/04/2022 8:58,2,0.008451436,64.25886091,20
Mamalyha,aug_2020_26,8,2020,26/08/2020 9:25,2,0.008451436,64.25886405,100
Mamalyha,feb_2019_16,2,2019,16/02/2019 9:20,5,0.008451436,64.25886648,29
Mamalyha,jan_2021_16,1,2021,16/01/2021 9:38,5,0,29.76591494,0
Mamalyha,jun_2020_29,6,2020,29/06/2020 9:04,0,0.008451436,64.25886091,54
Mamalyha,jun_2021_25,6,2021,25/06/2021 9:40,4,0.003141677,24.57647685,34
Mamalyha,mar_2019_10,3,2019,10/03/2019 9:11,6,0.002884496,22.76915078,6
Mamalyha,nov_2021_03,11,2021,03/11/2021 9:14,2,0.000559483,4.372430421,9
Mariupol,apr_2022_02,4,2022,02/04/2022 8:13,5,0.001453036,11.92924055,1
Mariupol,apr_2022_03,4,2022,03/04/2022 8:50,6,0.028682396,224.2099385,248
Mariupol,apr_2022_11,4,2022,11/04/2022 8:20,0,0.018496818,146.8205886,114
Mariupol,apr_2022_30,4,2022,30/04/2022 8:29,5,0.011601834,95.81657515,532
Mariupol,aug_2019_08,8,2019,08/08/2019 8:55,3,0.026318958,207.9165921,5618
Mariupol,aug_2019_12,8,2019,12/08/2019 9:05,0,0.029400407,228.1097848,453
Mariupol,aug_2022_06,8,2022,06/08/2022 8:11,5,0.026995898,212.6288016,315
Mariupol,aug_2022_14,8,2022,14/08/2022 8:25,6,0.011182405,91.61281016,444
Mariupol,b_s1,6,2021,21/06/2021 8:48,0,0.029400407,228.1092244,3151
Mariupol,feb_2019_14,2,2019,14/02/2019 8:54,3,0.000989145,8.082872203,5
Mariupol,feb_2021_13,2,2021,13/02/2021 8:39,5,0.02520149,198.287514,3366
Mariupol,jul_2020_05,7,2020,05/07/2020 8:56,6,0.017531406,139.1471843,7265
Mariupol,jul_2022_30,7,2022,30/07/2022 9:09,5,0.001328032,10.75169367,10
Mariupol,jul_2022_31,7,2022,31/07/2022 8:33,6,0.020710683,164.0238877,136
Mariupol,jun_2019_16,6,2019,16/06/2019 8:57,6,0.029400407,228.1087152,5964
Mariupol,jun_2019_21,6,2019,21/06/2019 8:37,4,0.029400407,228.1095836,12391
Mariupol,jun_2020_07,6,2020,07/06/2020 8:16,6,0.012582632,101.9005103,747
Mariupol,jun_2021_12,6,2021,12/06/2021 8:47,5,0.009068156,72.95714383,7214
Mariupol,jun_2021_21,6,2021,21/06/2021 8:48,0,0.024945553,195.9232483,2644
Mariupol,mar_2022_09,3,2022,09/03/2022 8:16,2,0.002751151,23.1249831,14
Mariupol,mar_2022_12,3,2022,12/03/2022 8:26,5,0.023642007,187.7971575,19
Mariupol,mar_2022_14,3,2022,14/03/2022 8:53,0,0.026140284,214.513003,204
Mariupol,mar_2022_18,3,2022,18/03/2022 8:04,4,0.003548191,39.09176327,1
Mariupol,mar_2022_19,3,2022,19/03/2022 9:10,5,0.029391114,228.0828,140
Mariupol,mar_2022_21,3,2022,21/03/2022 9:14,0,0.01030045,83.46319599,5
Mariupol,mar_2022_22,3,2022,22/03/2022 8:18,1,0.021564551,169.8029054,460
Mariupol,mar_2022_23,3,2022,23/03/2022 8:47,2,0.018715899,152.8477055,511
Mariupol,mar_2022_29,3,2022,29/03/2022 8:29,1,0.029353133,228.0203625,2008
Mariupol,mar_2022_30,3,2022,30/03/2022 9:03,2,0.027782668,228.1094701,248
Mariupol,may_2020_05,5,2020,05/05/2020 8:32,1,0.029400407,228.1097613,2859
Mariupol,may_2021_31,5,2021,31/05/2021 8:22,0,0.000756852,6.151825297,1
Mariupol,may_2022_06,5,2022,06/05/2022 8:50,4,0.012575432,101.6995238,545
Mariupol,may_2022_07,5,2022,07/05/2022 8:39,5,0.002315715,18.68002055,57
Mariupol,may_2022_08,5,2022,08/05/2022 8:23,6,0.026357418,207.449292,318
Mariupol,may_2022_12,5,2022,12/05/2022 8:18,3,0.014311625,112.2080137,1500
Mariupol,sep_2019_25,9,2019,25/09/2019 9:02,2,0.017508497,141.7394599,4059
Melitopol,apr_2020_10,4,2020,10/04/2020 8:40,4,0.025377529,204.6741536,3820
Melitopol,apr_2021_23,4,2021,23/04/2021 9:01,4,0.033510038,268.7793952,3090
Melitopol,apr_2022_06,4,2022,06/04/2022 8:53,2,0.007184545,58.92721261,3572
Melitopol,aug_2022_02,8,2022,02/08/2022 8:58,1,0.011726136,97.03639911,1314
Melitopol,aug_2022_07,8,2022,07/08/2022 8:32,6,0.00550864,45.02786643,184
Melitopol,feb_2019_19,2,2019,19/02/2019 9:09,1,0.029110384,235.8909607,1209
Melitopol,jul_2019_05,7,2019,05/07/2019 9:05,4,0.026758322,217.5948862,2576
Melitopol,jul_2021_14,7,2021,14/07/2021 8:55,2,0.01293034,104.7315019,6183
Melitopol,jul_2022_27,7,2022,27/07/2022 8:33,2,0.03364597,271.0387604,1792
Melitopol,jul_2022_31,7,2022,31/07/2022 8:31,6,0.019002132,151.2692861,49
Melitopol,jun_2022_01,6,2022,01/06/2022 8:39,2,0.027066936,221.9808856,254
Melitopol,jun_2022_02,6,2022,02/06/2022 8:54,3,0.014000852,113.6348502,5461
Melitopol,mar_2020_13,3,2020,13/03/2020 8:56,4,0.02889994,235.5447535,10150
Melitopol,mar_2021_04,3,2021,04/03/2021 9:05,3,0.032730773,262.9707705,831
Melitopol,mar_2021_07,3,2021,07/03/2021 8:44,6,0.007838942,60.91019006,110
Melitopol,mar_2022_20,3,2022,20/03/2022 8:40,6,0.030085527,244.776968,191
Melitopol,mar_2022_24,3,2022,24/03/2022 8:48,3,0.028557802,232.3550556,5855
Melitopol,may_2020_10,5,2020,10/05/2020 8:37,6,0.019162843,153.5939304,135
Melitopol,may_2020_16,5,2020,16/05/2020 8:26,5,0.024098445,193.8298294,465
Melitopol,oct_2019_17,10,2019,17/10/2019 8:35,3,0.034212322,273.4284939,155
Merefa,apr_2020_07,4,2020,07/04/2020 8:29,1,0.018581762,135.3287319,445
Merefa,feb_2022_20,2,2022,20/02/2022 9:01,6,0.011533087,88.36719792,47
Merefa,jan_2021_18,1,2021,18/01/2021 8:23,0,0,16.42423761,0
Merefa,jun_2020_09,6,2020,09/06/2020 8:34,1,0.018419624,135.3290744,1062
Merefa,mar_2020_01,3,2020,01/03/2020 9:05,6,0.002676668,20.4243283,89
Merefa,oct_2019_20,10,2019,20/10/2019 8:58,6,0.016824704,129.1095132,1542
Merefa,oct_2020_09,10,2020,09/10/2020 8:47,4,0.004247286,32.92931271,24
Merefa,sep_2022_01,9,2022,01/09/2022 8:54,3,0.001715523,13.31032681,13
Milove,dec_2020_01,12,2020,01/12/2020 8:34,1,0.004506722,34.88622057,88
Milove,dec_2020_09,12,2020,09/12/2020 8:26,2,0,4.423303891,0
Milove,jan_2020_30,1,2020,30/01/2020 8:44,3,0.004769254,36.48580271,16
Milove,jul_2020_04,7,2020,04/07/2020 8:22,5,0.007918878,60.96117808,43
Milove,jul_2021_30,7,2021,30/07/2021 8:09,4,0.002383953,18.46669051,457
Milove,may_2019_18,5,2019,18/05/2019 8:32,5,0.008651455,65.97024886,110
Milove,oct_2020_26,10,2020,26/10/2020 8:20,0,0.00511121,39.47174849,391
Mykolaiv,apr_2020_08,4,2020,08/04/2020 9:07,2,0.007869461,62.67419661,1606
Mykolaiv,apr_2020_12,4,2020,12/04/2020 9:19,6,0.038532975,307.9743005,2416
Mykolaiv,apr_2021_24,4,2021,24/04/2021 9:09,5,0.022762413,184.8035239,13492
Mykolaiv,aug_2019_19,8,2019,19/08/2019 9:13,0,0.006896894,55.57249834,425
Mykolaiv,aug_2022_13,8,2022,13/08/2022 8:52,5,0.027399527,221.0390009,757
Mykolaiv,b_s1,2,2022,04/02/2022 8:51,4,0.043521781,344.4076582,3346
Mykolaiv,b_s2,11,2021,11/11/2021 8:54,3,0.035165753,282.8799083,14240
Mykolaiv,dec_2020_27,12,2020,27/12/2020 8:36,6,0.021936366,175.7489944,200
Mykolaiv,feb_2021_05,2,2021,05/02/2021 9:00,4,0.042794972,338.8468856,5437
Mykolaiv,feb_2022_04,2,2022,04/02/2022 8:51,4,0.043521781,344.4076582,3346
Mykolaiv,feb_2022_27,2,2022,27/02/2022 8:57,6,0.011075123,85.85927436,790
Mykolaiv,jan_2020_25,1,2020,25/01/2020 9:02,5,0.01414899,114.1425948,374
Mykolaiv,jan_2020_30,1,2020,30/01/2020 9:09,3,0,26.84699733,0
Mykolaiv,jan_2021_17,1,2021,17/01/2021 9:01,6,0.019069724,156.5297085,73
Mykolaiv,jul_2019_07,7,2019,07/07/2019 9:30,6,0.014184913,113.7661589,1039
Mykolaiv,jul_2019_16,7,2019,16/07/2019 9:00,1,0.01442113,117.240835,2204
Mykolaiv,jul_2022_03,7,2022,03/07/2022 9:05,6,0.005666602,45.80991954,8
Mykolaiv,jul_2022_05,7,2022,05/07/2022 9:22,1,0.004283975,34.06526287,186
Mykolaiv,jul_2022_21,7,2022,21/07/2022 8:40,3,0.030152414,239.6949311,4188
Mykolaiv,jul_2022_27,7,2022,27/07/2022 8:36,2,0.006992386,57.25683775,246
Mykolaiv,jun_2019_18,6,2019,18/06/2019 9:28,1,0.036592874,292.5781721,13342
Mykolaiv,jun_2021_19,6,2021,19/06/2021 8:58,5,0.012212656,97.64205754,5082
Mykolaiv,mar_2019_05,3,2019,05/03/2019 9:03,1,0.028747968,228.1029023,4400
Mykolaiv,mar_2022_13,3,2022,13/03/2022 9:23,6,0.003570301,28.53410298,10
Mykolaiv,mar_2022_15,3,2022,15/03/2022 8:57,1,0.015275209,127.2020659,1091
Mykolaiv,mar_2022_31,3,2022,31/03/2022 8:59,3,0.014406204,115.6158109,3574
Mykolaiv,may_2020_21,5,2020,21/05/2020 8:47,3,0.037711138,303.4145094,7564
Mykolaiv,may_2021_27,5,2021,27/05/2021 9:10,3,0.028302802,231.4391987,5523
Mykolaiv,may_2022_09,5,2022,09/05/2022 9:09,0,0.003898576,32.06731823,170
Mykolaiv,may_2022_21,5,2022,21/05/2022 8:47,5,0.002856832,23.48044701,3
Mykolaiv,nov_2020_27,11,2020,27/11/2020 8:44,4,0.036689889,294.3249525,4210
Mykolaiv,nov_2021_11,11,2021,11/11/2021 8:54,3,0.035165753,282.8799083,14240
Mykolaiv,oct_2019_11,10,2019,11/10/2019 8:55,4,0.001013073,8.232300651,30
Mykolaiv,sep_2022_06,9,2022,06/09/2022 9:10,1,0.017341617,141.3778182,213
Mykolaiv,sep_2022_17,9,2022,17/09/2022 9:03,5,0.027280536,217.6845206,1072
Nizhyn,apr_2020_05,4,2020,05/04/2020 8:55,6,0.012872597,95.59734218,228
Nizhyn,aug_2020_15,8,2020,15/08/2020 9:21,5,0.008049685,60.82311209,326
Nizhyn,aug_2020_16,8,2020,16/08/2020 8:36,6,0.012506696,90.30457454,172
Nizhyn,jun_2019_21,6,2019,21/06/2019 9:19,4,0.012783869,95.17860802,684
Nizhyn,jun_2019_24,6,2019,24/06/2019 9:22,0,0.011432771,84.43178979,2642
Nizhyn,mar_2019_13,3,2019,13/03/2019 8:59,2,0.012872597,95.59734218,589
Nizhyn,mar_2022_16,3,2022,16/03/2022 9:31,2,0.001936808,14.54384353,13
Nizhyn,may_2019_30,5,2019,30/05/2019 9:29,3,0.012434066,92.76765455,577
Nizhyn,sep_2021_13,9,2021,13/09/2021 9:18,0,0.012872597,95.59734218,501
Odessa,apr_2020_19,4,2020,19/04/2020 9:09,6,0.029405001,235.9104431,17830
Odessa,apr_2020_20,4,2020,20/04/2020 8:57,0,0.031779212,252.2689039,45264
Odessa,aug_2019_11,8,2019,11/08/2019 9:05,6,0.033108334,261.9085574,41471
Odessa,aug_2019_14,8,2019,14/08/2019 9:34,2,0.033705354,265.4692056,66361
Odessa,aug_2019_17,8,2019,17/08/2019 9:20,5,0.022286801,184.9842929,3608
Odessa,aug_2021_15,8,2021,15/08/2021 9:02,6,0.030227455,241.6386308,74760
Odessa,aug_2021_28,8,2021,28/08/2021 9:08,5,0.02589155,205.2201648,49391
Odessa,aug_2022_17,8,2022,17/08/2022 9:11,2,0.014822155,123.1590256,23467
Odessa,b_s1,12,2021,03/12/2021 9:10,4,0.022895696,186.7314489,2292
Odessa,b_s2,9,2021,09/09/2021 8:58,3,0.033734767,265.4691887,45833
Odessa,dec_2021_03,12,2021,03/12/2021 9:10,4,0.022895696,186.7314489,2292
Odessa,feb_2020_02,2,2020,02/02/2020 8:58,6,0.031455971,250.8633528,5675
Odessa,feb_2021_05,2,2021,05/02/2021 8:46,4,0.025547673,204.5009591,6359
Odessa,feb_2022_26,2,2022,26/02/2022 8:42,5,0.033734767,265.4691496,20184
Odessa,jan_2019_09,1,2019,09/01/2019 8:53,2,0,5.25142974,0
Odessa,jan_2019_17,1,2019,17/01/2019 9:23,3,0.032483265,258.6750387,2952
Odessa,jan_2020_11,1,2020,11/01/2020 9:16,5,0.030376412,243.2841647,2326
Odessa,jan_2020_14,1,2020,14/01/2020 8:59,1,0.02839112,228.9831285,9784
Odessa,jul_2019_25,7,2019,25/07/2019 8:45,3,0.033734767,265.4692056,26653
Odessa,jul_2021_09,7,2021,09/07/2021 9:15,4,0.015041961,123.9627933,47071
Odessa,jul_2021_20,7,2021,20/07/2021 9:20,1,0.033734767,265.4691288,18572
Odessa,jul_2021_31,7,2021,31/07/2021 9:15,5,0.033734767,265.4691985,45577
Odessa,jul_2022_09,7,2022,09/07/2022 8:43,5,0.012031538,97.65125922,31
Odessa,jul_2022_10,7,2022,10/07/2022 9:03,6,0.011256224,92.77857224,27056
Odessa,jul_2022_17,7,2022,17/07/2022 9:15,6,0.014666421,121.6732872,21946
Odessa,jun_2019_30,6,2019,30/06/2019 9:19,6,0.033734767,265.4691327,73505
Odessa,jun_2021_29,6,2021,29/06/2021 8:54,1,0.017310553,140.4282933,19522
Odessa,jun_2022_09,6,2022,09/06/2022 9:07,3,0.014093178,115.8431304,16600
Odessa,mar_2020_08,3,2020,08/03/2020 9:17,6,0.001821185,15.29957181,7
Odessa,mar_2021_07,3,2021,07/03/2021 8:54,6,0.016401839,136.118324,7838
Odessa,mar_2021_23,3,2021,23/03/2021 9:04,1,0.009786612,80.16619803,10083
Odessa,mar_2021_28,3,2021,28/03/2021 9:19,6,0.021145432,172.2466234,26128
Odessa,mar_2022_13,3,2022,13/03/2022 9:17,6,0.021535695,174.5883574,2078
Odessa,mar_2022_14,3,2022,14/03/2022 8:53,0,0.016301876,133.0036518,2217
Odessa,mar_2022_16,3,2022,16/03/2022 9:19,2,0.026633562,215.5726361,1012
Odessa,mar_2022_25,3,2022,25/03/2022 9:06,4,0.019989023,161.0812098,4869
Odessa,mar_2022_27,3,2022,27/03/2022 9:15,6,0.031667696,253.5618429,90
Odessa,mar_2022_30,3,2022,30/03/2022 8:43,2,0.017336769,144.4991952,25667
Odessa,may_2020_04,5,2020,04/05/2020 9:17,0,0.031868641,253.2080708,81691
Odessa,may_2021_11,5,2021,11/05/2021 8:59,1,0.012915335,105.7067321,23292
Odessa,may_2021_22,5,2021,22/05/2021 8:54,5,0.030420463,242.2234448,22647
Odessa,may_2022_09,5,2022,09/05/2022 9:08,0,0.013687022,113.2330719,21526
Odessa,may_2022_12,5,2022,12/05/2022 9:20,3,0.019898756,160.8788375,4527
Odessa,may_2022_20,5,2022,20/05/2022 9:25,4,0.027790375,223.0309902,16568
Odessa,may_2022_28,5,2022,28/05/2022 9:13,5,0.015815889,128.9317062,14956
Odessa,nov_2020_24,11,2020,24/11/2020 8:53,1,0.022636917,187.1669591,14109
Odessa,nov_2020_27,11,2020,27/11/2020 8:44,4,0.003371379,27.32996806,1638
Odessa,oct_2020_09,10,2020,09/10/2020 9:12,4,0.022303596,177.8804441,36164
Odessa,oct_2021_30,10,2021,30/10/2021 9:05,5,0.01327447,109.964147,23757
Odessa,sep_2020_27,9,2020,27/09/2020 8:56,6,0.02890898,231.5675261,15095
Odessa,sep_2021_09,9,2021,09/09/2021 8:58,3,0.033734767,265.4691887,45833
Odessa,sep_2022_05,9,2022,05/09/2022 9:14,0,0.01575587,132.4371425,17032
Odessa,sep_2022_22,9,2022,22/09/2022 9:21,3,0.020789214,168.3902615,3044
Odessa,sep_2022_30,9,2022,30/09/2022 9:26,4,0.023455695,189.0605731,340
Oleksandriya,dec_2021_26,12,2021,26/12/2021 9:15,6,0.011618344,90.08631842,7
Oleksandriya,feb_2020_19,2,2020,19/02/2020 8:31,2,0.011618344,90.08631842,137
Oleksandriya,feb_2021_14,2,2021,14/02/2021 9:15,6,0.011618344,90.08631842,19
Oleksandriya,feb_2022_21,2,2022,21/02/2022 8:54,0,0.011618344,90.08631842,1011
Oleksandriya,jan_2019_20,1,2019,20/01/2019 9:13,6,0,90.08631842,0
Oleksandriya,mar_2019_18,3,2019,18/03/2019 9:15,0,0.011618344,90.08631842,622
Oleksandriya,nov_2019_23,11,2019,23/11/2019 9:12,5,0,1.063444396,0
Pervomaisk,apr_2019_07,4,2019,07/04/2019 9:08,6,0.011261176,87.87054216,1072
Pervomaisk,aug_2019_01,8,2019,01/08/2019 9:27,3,0,2.891998932,0
Pervomaisk,aug_2021_08,8,2021,08/08/2021 8:50,6,0.012287783,95.16013055,2667
Pervomaisk,aug_2021_16,8,2021,16/08/2021 9:17,0,0.00517978,41.43064493,402
Pervomaisk,aug_2022_23,8,2022,23/08/2022 9:25,1,0.012287783,95.16014353,209
Pervomaisk,dec_2019_07,12,2019,07/12/2019 9:12,5,0.005822874,45.22644994,25
Pervomaisk,feb_2019_17,2,2019,17/02/2019 9:17,6,0.012287783,95.16014353,655
Pervomaisk,feb_2019_19,2,2019,19/02/2019 9:09,1,0.004579214,36.55023744,137
Pervomaisk,feb_2020_19,2,2020,19/02/2020 9:14,2,0.006341975,49.39148382,320
Pervomaisk,jan_2020_24,1,2020,24/01/2020 9:20,4,0.002048657,16.21024411,94
Pervomaisk,jan_2020_30,1,2020,30/01/2020 9:15,3,0.011515473,89.86033982,590
Pletenivka,apr_2019_21,4,2019,21/04/2019 8:25,6,0.031182212,237.6135212,206
Pletenivka,apr_2019_27,4,2019,27/04/2019 9:02,5,0.009538987,72.5492361,287
Pletenivka,aug_2020_11,8,2020,11/08/2020 8:20,1,0.01232509,94.63853811,23
Pletenivka,aug_2020_25,8,2020,25/08/2020 8:48,1,0.003476194,25.80983339,5
Pletenivka,aug_2020_27,8,2020,27/08/2020 8:31,3,0.023039219,174.0768684,439
Pletenivka,jul_2021_28,7,2021,28/07/2021 9:02,2,0.029972983,226.4654928,251
Pletenivka,jul_2022_02,7,2022,02/07/2022 8:35,5,0.019655081,147.7349624,513
Pletenivka,jul_2022_09,7,2022,09/07/2022 8:46,5,0.001900764,14.62066914,19
Pletenivka,jun_2022_20,6,2022,20/06/2022 8:41,0,0.006235439,47.33569191,12
Pletenivka,mar_2020_17,3,2020,17/03/2020 9:01,1,0,81.90756596,0
Pletenivka,mar_2022_11,3,2022,11/03/2022 8:43,4,0,21.35801115,0
Pletenivka,may_2022_13,5,2022,13/05/2022 8:41,4,0.019152757,144.3370647,339
Pletenivka,sep_2020_12,9,2020,12/09/2020 8:43,5,0.01923645,144.8242858,150
Poltava,dec_2021_26,12,2021,26/12/2021 9:04,6,0.023115078,170.2024254,1476
Poltava,feb_2020_19,2,2020,19/02/2020 8:31,2,0.022785525,168.5912491,694
Poltava,feb_2021_19,2,2021,19/02/2021 8:43,4,0.012201658,94.9990667,454
Poltava,feb_2022_21,2,2022,21/02/2022 9:01,0,0.023115418,170.2024167,14639
Poltava,jun_2021_24,6,2021,24/06/2021 8:37,3,0.007561176,58.49255174,1274
Poltava,nov_2019_23,11,2019,23/11/2019 9:11,5,0.023115418,170.2024165,958
Poltava,oct_2019_08,10,2019,08/10/2019 9:07,1,0.023115418,170.2024164,15404
Poltava,oct_2019_15,10,2019,15/10/2019 9:18,1,0.017779918,132.5791121,5541
Poltava,oct_2019_20,10,2019,20/10/2019 8:58,6,0.011555724,85.98424915,4561
Porubne,apr_2022_01,4,2022,01/04/2022 9:15,4,0.020807475,165.8604845,196
Porubne,apr_2022_15,4,2022,15/04/2022 9:24,4,0.017986392,143.692397,152
Porubne,apr_2022_21,4,2022,21/04/2022 9:26,3,0.014664588,118.2936284,1416
Porubne,feb_2021_04,2,2021,04/02/2021 9:37,3,0,3.546115522,0
Porubne,feb_2021_26,2,2021,26/02/2021 9:26,4,0.001122167,8.704947449,9
Porubne,mar_2019_01,3,2019,01/03/2019 9:42,4,0.000736296,5.853385317,3
Porubne,mar_2019_03,3,2019,03/03/2019 9:30,6,0.000885126,7.06938426,7
Porubne,mar_2019_10,3,2019,10/03/2019 9:10,6,0.022248835,177.0830003,66
Porubne,mar_2022_15,3,2022,15/03/2022 9:46,1,0.004510396,36.296107,98
Porubne,mar_2022_29,3,2022,29/03/2022 9:06,1,0.021425619,168.3150167,252
Porubne,mar_2022_30,3,2022,30/03/2022 9:42,2,0.027126596,215.8199728,18
Porubne,may_2020_01,5,2020,01/05/2020 9:18,4,0.012917309,103.3626405,237
Porubne,may_2022_15,5,2022,15/05/2022 9:04,6,0.017949195,145.3214845,611
Porubne,sep_2019_02,9,2019,02/09/2019 9:31,0,0.012282666,97.11419436,263
Porubne,sep_2020_25,9,2020,25/09/2020 9:05,4,0.016136174,128.9441989,71
Rava-Ruska,apr_2020_23,4,2020,23/04/2020 9:14,3,0.004113283,31.73960872,20
Rava-Ruska,feb_2021_26,2,2021,26/02/2021 9:24,4,0.014711959,111.9378946,21
Rava-Ruska,jan_2020_07,1,2020,07/01/2020 9:54,1,0.01859172,134.4771938,11
Rava-Ruska,jan_2020_13,1,2020,13/01/2020 9:45,0,0.017505404,128.3462026,183
Rava-Ruska,jan_2020_15,1,2020,15/01/2020 9:35,2,0.015664597,119.3970313,22
Rava-Ruska,jan_2022_29,1,2022,29/01/2022 9:39,5,0.013769683,105.5330371,227
Rava-Ruska,jun_2022_07,6,2022,07/06/2022 9:53,1,0.006156804,46.79039349,20
Rava-Ruska,jun_2022_18,6,2022,18/06/2022 9:48,5,0.000455742,3.523330253,3
Rava-Ruska,mar_2022_18,3,2022,18/03/2022 9:45,4,0.018175542,132.4895634,117
Rava-Ruska,mar_2022_23,3,2022,23/03/2022 9:59,2,0.000704041,5.430152814,2
Rava-Ruska,mar_2022_28,3,2022,28/03/2022 9:49,0,0.012716277,97.46173914,991
Rava-Ruska,may_2022_17,5,2022,17/05/2022 9:36,1,0.008330364,63.87237109,251
Rava-Ruska,may_2022_18,5,2022,18/05/2022 9:51,2,0.007879297,59.73218069,24
Rava-Ruska,may_2022_24,5,2022,24/05/2022 9:44,1,0.003340632,25.82511421,40
Reni,apr_2021_05,4,2021,05/04/2021 9:26,0,0.004839488,40.20485558,9
Reni,aug_2019_17,8,2019,17/08/2019 9:21,5,0.015083689,127.6306288,147
Reni,aug_2020_01,8,2020,01/08/2020 9:23,5,0.004503747,36.76912536,71
Reni,aug_2020_07,8,2020,07/08/2020 9:09,4,0.032941574,264.9110724,292
Reni,dec_2019_06,12,2019,06/12/2019 9:34,4,0.000519672,4.357700377,8
Reni,dec_2020_31,12,2020,31/12/2020 9:19,3,0.018549557,154.4335163,8
Reni,feb_2020_08,2,2020,08/02/2020 9:13,5,0.001096389,9.132273928,3
Reni,feb_2021_26,2,2021,26/02/2021 9:15,4,0.012608241,104.2878269,91
Reni,jul_2021_28,7,2021,28/07/2021 9:17,2,0.011949411,100.2912851,340
Reni,jun_2019_23,6,2019,23/06/2019 9:09,6,0.002242995,18.94552409,88
Reni,jun_2021_07,6,2021,07/06/2021 9:04,0,0.001668422,13.97638983,7
Reni,mar_2022_18,3,2022,18/03/2022 9:07,4,0,122.2472756,0
Reni,mar_2022_24,3,2022,24/03/2022 9:24,3,0.01658362,139.8005588,208
Reni,mar_2022_26,3,2022,26/03/2022 9:20,5,0.008473236,71.16323457,487
Rivne,aug_2019_21,8,2019,21/08/2019 9:44,2,0.026667441,200.1701066,17768
Rivne,aug_2019_26,8,2019,26/08/2019 9:24,0,0.007425284,54.22785409,2254
Rivne,aug_2020_14,8,2020,14/08/2020 9:27,4,0.002859665,21.85136857,745
Rivne,aug_2022_23,8,2022,23/08/2022 9:24,1,0.026667441,200.1700874,9675
Rivne,mar_2020_29,3,2020,29/03/2020 9:39,6,0.026667441,200.1700526,8122
Rivne,nov_2021_06,11,2021,06/11/2021 9:13,5,0.02779162,199.740684,4184
Rivne,oct_2021_06,10,2021,06/10/2021 9:24,2,0.026799315,193.92896,15517
Sarny,feb_2022_14,2,2022,14/02/2022 9:22,0,0.018685112,134.8872576,195
Sarny,feb_2022_27,2,2022,27/02/2022 9:43,6,0.018812029,135.1383596,347
Sarny,jun_2019_05,6,2019,05/06/2019 9:21,2,0.018812029,135.1383596,896
Sarny,sep_2020_16,9,2020,16/09/2020 9:34,2,0.018812029,135.1384991,350
Shehyni,apr_2022_04,4,2022,04/04/2022 9:25,0,0.013766809,102.3402483,425
Shehyni,apr_2022_10,4,2022,10/04/2022 9:43,6,0.012740801,94.67044011,232
Shehyni,apr_2022_14,4,2022,14/04/2022 9:17,3,0.015330608,113.3297526,229
Shehyni,jan_2019_19,1,2019,19/01/2019 9:49,5,0.015488154,113.4381207,17
Shehyni,jan_2021_21,1,2021,21/01/2021 9:54,3,0,112.0367142,0
Shehyni,jul_2021_25,7,2021,25/07/2021 9:36,6,0.005557932,43.29043649,130
Shehyni,jun_2019_01,6,2019,01/06/2019 9:57,5,0.004744223,40.52998713,919
Shehyni,jun_2019_02,6,2019,02/06/2019 9:20,6,0.007913264,60.46429,29
Shehyni,jun_2021_04,6,2021,04/06/2021 9:14,4,0.003592104,28.08229063,7
Shehyni,jun_2021_20,6,2021,20/06/2021 9:17,6,0.003370024,25.6532791,9
Shehyni,jun_2021_21,6,2021,21/06/2021 9:27,0,0.003398981,26.15994407,889
Shehyni,jun_2021_22,6,2021,22/06/2021 9:50,1,0.004743106,35.72031182,932
Shehyni,jun_2021_23,6,2021,23/06/2021 9:25,2,0,17.34735358,0
Shehyni,jun_2022_18,6,2022,18/06/2022 9:56,5,0.01539481,113.3813296,488
Shehyni,mar_2022_12,3,2022,12/03/2022 10:04,5,0.015485255,113.4381253,107
Shehyni,mar_2022_22,3,2022,22/03/2022 9:55,1,0.000648459,4.884934127,3
Shehyni,mar_2022_28,3,2022,28/03/2022 9:50,0,0.012455921,95.84408719,489
Shehyni,mar_2022_30,3,2022,30/03/2022 9:41,2,0,101.8505281,0
Shehyni,may_2021_09,5,2021,09/05/2021 9:46,6,0.008406732,64.66545554,117
Shehyni,may_2021_24,5,2021,24/05/2021 9:20,0,0.005692275,43.87618849,174
Shehyni,may_2022_12,5,2022,12/05/2022 9:53,3,0.01263126,97.348288,1278
Shehyni,sep_2019_13,9,2019,13/09/2019 9:26,4,0.015488154,113.4382071,161
Smila,feb_2020_19,2,2020,19/02/2020 9:14,2,0.02459358,188.6616507,1402
Smila,jan_2019_09,1,2019,09/01/2019 9:17,2,0.042562464,329.8583677,20
Smila,mar_2019_18,3,2019,18/03/2019 9:16,0,0.023722907,181.9568667,1373
Smila,nov_2021_12,11,2021,12/11/2021 9:10,4,0.026061397,201.3164312,1246
Solotvino,apr_2022_15,4,2022,15/04/2022 9:25,4,0.019458073,149.9798591,1794
Solotvino,jun_2019_10,6,2019,10/06/2019 9:26,0,0.012706725,101.9033952,271
Solotvino,jun_2019_13,6,2019,13/06/2019 9:15,3,0.001055771,8.501254723,31
Solotvino,jun_2021_17,6,2021,17/06/2021 9:36,3,0.013361519,107.0841834,136
Solotvino,jun_2021_21,6,2021,21/06/2021 9:28,0,0.004864018,38.45430208,1220
Solotvino,jun_2021_26,6,2021,26/06/2021 9:35,5,0.003391816,27.31542331,217
Solotvino,mar_2022_09,3,2022,09/03/2022 9:52,2,0.014135121,111.3119149,218
Solotvino,mar_2022_12,3,2022,12/03/2022 9:00,5,0.019664797,151.254106,207
Storozhynets,aug_2020_04,8,2020,04/08/2020 9:19,1,0.00254824,20.19518969,117
Storozhynets,aug_2021_08,8,2021,08/08/2021 9:21,6,0.004224801,33.91214866,19
Storozhynets,feb_2020_23,2,2020,23/02/2020 9:23,6,0.000671899,5.269779491,6
Storozhynets,feb_2021_04,2,2021,04/02/2021 9:36,3,0.010123998,81.1728053,7
Storozhynets,feb_2021_26,2,2021,26/02/2021 9:27,4,0.012651495,98.93881303,23
Storozhynets,mar_2019_01,3,2019,01/03/2019 9:42,4,0.006906022,54.9089579,279
Storozhynets,mar_2019_03,3,2019,03/03/2019 9:30,6,0.005285722,41.76749658,571
Storozhynets,may_2020_01,5,2020,01/05/2020 9:18,4,0.009386072,73.25661826,36
Storozhynets,oct_2019_10,10,2019,10/10/2019 9:32,3,0.003550402,27.69576406,56
Storozhynets,sep_2020_25,9,2020,25/09/2020 9:04,4,0.004318769,33.78217996,40
Sumy,apr_2019_01,4,2019,01/04/2019 8:49,0,0.023705437,171.7852542,6949
Sumy,aug_2022_21,8,2022,21/08/2022 8:56,6,0.001301271,9.906400027,8
Sumy,feb_2020_29,2,2020,29/02/2020 9:01,5,0.024437974,175.4451198,2734
Sumy,feb_2021_05,2,2021,05/02/2021 8:46,4,0.012572419,93.90451385,1
Sumy,jul_2020_25,7,2020,25/07/2020 8:47,5,0.006481707,48.53488658,1252
Sumy,jul_2022_08,7,2022,08/07/2022 9:18,4,0.022121115,162.7450398,2259
Sumy,jul_2022_27,7,2022,27/07/2022 8:34,2,0.024404982,175.4070805,4564
Sumy,mar_2020_25,3,2020,25/03/2020 8:54,2,0.024437974,175.4451198,4125
Sumy,mar_2021_28,3,2021,28/03/2021 8:45,6,0.024437935,175.4448412,13433
Sumy,mar_2022_06,3,2022,06/03/2022 9:05,6,0.000263135,1.931876339,1
Sumy,mar_2022_15,3,2022,15/03/2022 8:55,1,0.017996965,136.5252405,625
Sumy,mar_2022_17,3,2022,17/03/2022 8:29,3,0.021886228,170.1235176,535
Sumy,mar_2022_20,3,2022,20/03/2022 8:39,6,0.024127633,174.648606,177
Sumy,mar_2022_22,3,2022,22/03/2022 8:55,1,0.016778876,121.7033641,999
Sumy,mar_2022_23,3,2022,23/03/2022 8:33,2,0.01650315,123.1265336,3239
Sumy,may_2021_25,5,2021,25/05/2021 8:41,1,0.022803238,165.0125919,2267
Sumy,may_2022_04,5,2022,04/05/2022 9:12,2,0,4.822293737,0
Sumy,nov_2020_04,11,2020,04/11/2020 8:45,2,0.000392961,4.585219784,11
Sumy,oct_2019_15,10,2019,15/10/2019 9:18,1,0.024306602,175.2380983,2972
Sumy,oct_2021_01,10,2021,01/10/2021 8:35,4,0.024437974,175.4451198,2652
Sumy,sep_2020_19,9,2020,19/09/2020 9:02,5,0.023951013,173.2351312,6898
Ternopil,aug_2022_25,8,2022,25/08/2022 9:37,3,0.01344042,100.8888868,16124
Ternopil,feb_2022_03,2,2022,03/02/2022 9:19,3,0.017007154,129.2630908,1028
Ternopil,jan_2019_19,1,2019,19/01/2019 9:41,5,0.011387379,85.35685045,1097
Ternopil,jul_2019_04,7,2019,04/07/2019 9:40,3,0.013450504,100.9489878,1847
Ternopil,jul_2019_29,7,2019,29/07/2019 9:20,0,0.018504062,139.4464246,2794
Ternopil,jun_2019_20,6,2019,20/06/2019 9:07,3,0.015764233,118.8734188,4462
Ternopil,jun_2019_29,6,2019,29/06/2019 9:25,5,0.014441726,108.5902585,48
Ternopil,mar_2020_29,3,2020,29/03/2020 9:34,6,0.01770037,133.6432459,3656
Ternopil,mar_2022_22,3,2022,22/03/2022 9:54,1,0.018213804,137.5518296,3496
Ternopil,mar_2022_27,3,2022,27/03/2022 9:35,6,0.012405602,93.98509602,7080
Ternopil,may_2022_01,5,2022,01/05/2022 9:24,6,0.011853704,90.48514771,5474
Ternopil,nov_2019_05,11,2019,05/11/2019 9:50,1,0.00440246,33.60771336,1626
Ternopil,oct_2019_22,10,2019,22/10/2019 9:29,1,0.014128088,106.2905256,8048
Ternopil,oct_2021_06,10,2021,06/10/2021 9:24,2,0.013206394,101.2711503,11983
Ternopil,sep_2020_21,9,2020,21/09/2020 9:26,0,0.016750696,126.9964267,12782
Udobne,aug_2021_09,8,2021,09/08/2021 9:07,0,0.018989094,155.7525047,106
Udobne,jul_2019_06,7,2019,06/07/2019 9:15,5,0.012736134,101.6042245,352
Udobne,jul_2021_20,7,2021,20/07/2021 9:20,1,0.022927804,187.0600346,145
Udobne,may_2022_08,5,2022,08/05/2022 8:53,6,0.009636957,79.62630195,601
Udobne,oct_2021_24,10,2021,24/10/2021 9:10,6,0.009331057,76.40935551,79
Udobne,sep_2019_16,9,2019,16/09/2019 9:16,0,0.012403832,101.3780661,201
Udobne,sep_2022_30,9,2022,30/09/2022 9:26,4,0.002310326,18.79799682,61
Uzhhorod,apr_2019_30,4,2019,30/04/2019 9:35,1,0.032087062,245.8130348,1855
Uzhhorod,apr_2022_10,4,2022,10/04/2022 9:43,6,0.00916968,71.67243457,2569
Uzhhorod,apr_2022_14,4,2022,14/04/2022 9:50,3,0.00941953,73.38299294,11368
Uzhhorod,apr_2022_15,4,2022,15/04/2022 9:26,4,0.014816998,117.1711229,2172
Uzhhorod,apr_2022_30,4,2022,30/04/2022 10:00,5,0.013945296,109.638682,6513
Uzhhorod,dec_2021_09,12,2021,09/12/2021 9:36,3,0.024317167,192.1813822,1817
Uzhhorod,feb_2022_28,2,2022,28/02/2022 9:49,0,0.008372545,64.93984951,1947
Uzhhorod,jul_2020_05,7,2020,05/07/2020 9:26,6,0.023951464,186.1992648,787
Uzhhorod,jun_2019_01,6,2019,01/06/2019 9:15,5,0.020316891,160.428993,1562
Uzhhorod,jun_2019_10,6,2019,10/06/2019 9:26,0,0.032087062,245.8129889,2061
Uzhhorod,mar_2019_31,3,2019,31/03/2019 10:11,6,0.024738742,190.1251046,7957
Uzhhorod,mar_2022_03,3,2022,03/03/2022 9:58,3,0.030044643,232.1851252,100
Uzhhorod,mar_2022_19,3,2022,19/03/2022 9:42,5,0,4.989793442,0
Uzhhorod,mar_2022_27,3,2022,27/03/2022 9:32,6,0.032087062,245.8129225,7193
Uzhhorod,mar_2022_28,3,2022,28/03/2022 9:50,0,0.014266829,112.859674,9811
Uzhhorod,may_2022_12,5,2022,12/05/2022 9:53,3,0.016402446,125.9078512,18076
Uzhhorod,oct_2019_17,10,2019,17/10/2019 9:50,3,0.017716466,137.8073466,7628
Velyki_Kopani,apr_2021_25,4,2021,25/04/2021 8:48,6,0.002859247,23.58333531,52
Velyki_Kopani,apr_2022_22,4,2022,22/04/2022 8:41,4,0.005636424,44.81232776,35
Velyki_Kopani,aug_2019_19,8,2019,19/08/2019 9:14,0,0.000369213,2.961792146,2
Velyki_Kopani,aug_2021_22,8,2021,22/08/2021 9:05,6,0.002933066,23.78202788,1
Velyki_Kopani,jul_2019_12,7,2019,12/07/2019 9:10,4,0,2.62538988,0
Velyki_Kopani,jul_2022_16,7,2022,16/07/2022 9:00,5,0.01067004,86.23492183,542
Velyki_Kopani,mar_2021_04,3,2021,04/03/2021 9:09,3,0.003773327,30.21220161,96
Velyki_Kopani,mar_2022_16,3,2022,16/03/2022 9:33,2,0.010918963,88.2580549,2
Velyki_Kopani,may_2021_06,5,2021,06/05/2021 8:44,3,0.011051821,89.21734096,368
Velyki_Kopani,may_2021_27,5,2021,27/05/2021 9:10,3,0.008802957,70.98349972,66
Velykodolynske,apr_2020_19,4,2020,19/04/2020 9:09,6,0.000848943,7.084069816,27
Velykodolynske,apr_2020_20,4,2020,20/04/2020 8:57,0,0.006596954,53.1987273,4080
Velykodolynske,aug_2019_11,8,2019,11/08/2019 9:05,6,0.005744427,46.260411,3949
Velykodolynske,aug_2019_14,8,2019,14/08/2019 9:34,2,0.005746207,46.27475677,4716
Velykodolynske,aug_2019_17,8,2019,17/08/2019 9:20,5,0.008584559,68.79968219,45
Velykodolynske,aug_2021_15,8,2021,15/08/2021 9:02,6,0.008479071,68.29440349,8034
Velykodolynske,aug_2021_28,8,2021,28/08/2021 9:08,5,0.000440366,3.552245207,852
Velykodolynske,feb_2020_02,2,2020,02/02/2020 8:58,6,0.001347083,10.9537128,52
Velykodolynske,feb_2022_26,2,2022,26/02/2022 8:42,5,0.007964072,64.27471154,2330
Velykodolynske,jan_2019_09,1,2019,09/01/2019 8:53,2,0,41.09640188,0
Velykodolynske,jan_2019_17,1,2019,17/01/2019 9:23,3,0.00112686,9.219552547,19
Velykodolynske,jan_2020_11,1,2020,11/01/2020 9:15,5,0.000495932,4.266903968,32
Velykodolynske,jan_2020_14,1,2020,14/01/2020 8:59,1,0.000601388,5.008547832,8
Velykodolynske,jul_2019_25,7,2019,25/07/2019 8:45,3,0.005322688,42.80299344,2037
Velykodolynske,jul_2021_20,7,2021,20/07/2021 9:20,1,0.008584559,68.79968219,1674
Velykodolynske,jul_2021_31,7,2021,31/07/2021 9:15,5,0.008584559,68.79995082,4493
Velykodolynske,jun_2019_30,6,2019,30/06/2019 9:19,6,0.008584559,68.7996831,5768
Velykodolynske,jun_2021_29,6,2021,29/06/2021 8:54,1,0.001929369,15.98984253,328
Velykodolynske,mar_2020_08,3,2020,08/03/2020 9:17,6,0.008345161,67.32771287,2812
Velykodolynske,mar_2021_23,3,2021,23/03/2021 9:04,1,0.004116233,33.51005186,2737
Velykodolynske,mar_2022_16,3,2022,16/03/2022 9:19,2,0.003652424,29.37944098,21
Velykodolynske,mar_2022_27,3,2022,27/03/2022 9:15,6,0.005843834,47.17285581,19
Velykodolynske,mar_2022_30,3,2022,30/03/2022 8:43,2,0.000246764,2.023246227,1
Velykodolynske,may_2020_04,5,2020,04/05/2020 9:17,0,0.006832995,55.51519164,3286
Velykodolynske,may_2021_22,5,2021,22/05/2021 8:54,5,0.000309191,2.537712851,5
Velykodolynske,may_2022_12,5,2022,12/05/2022 9:20,3,0.00373656,31.2063226,223
Velykodolynske,may_2022_20,5,2022,20/05/2022 9:00,4,0.008584559,68.79968219,3550
Velykodolynske,may_2022_28,5,2022,28/05/2022 9:30,5,0.008458261,68.28375474,353
Velykodolynske,nov_2020_27,11,2020,27/11/2020 8:45,4,0.000914273,7.573399238,87
Velykodolynske,sep_2020_20,9,2020,20/09/2020 9:11,6,0.002404558,19.68838049,858
Velykodolynske,sep_2020_27,9,2020,27/09/2020 8:56,6,0.006785812,54.73356336,1529
Velykodolynske,sep_2021_09,9,2021,09/09/2021 8:59,3,0.008584559,68.79968219,2282
Vinnytsia,apr_2019_06,4,2019,06/04/2019 9:17,5,0.001038974,8.026510466,5
Vinnytsia,apr_2020_03,4,2020,03/04/2020 9:27,4,0.027579567,212.525271,9278
Vinnytsia,aug_2019_07,8,2019,07/08/2019 9:23,2,0.027579567,212.5252607,24251
Vinnytsia,aug_2020_26,8,2020,26/08/2020 9:17,2,0.009099682,68.68113219,7118
Vinnytsia,aug_2022_23,8,2022,23/08/2022 9:24,1,0.027579567,212.5253324,7308
Vinnytsia,feb_2019_21,2,2019,21/02/2019 9:35,3,0,212.5252759,0
Vinnytsia,feb_2022_23,2,2022,23/02/2022 9:32,2,0.027579567,212.5252922,8334
Vinnytsia,mar_2020_04,3,2020,04/03/2020 9:25,2,0.019409069,150.3132867,290
Vinnytsia,mar_2020_12,3,2020,12/03/2020 9:18,3,0.017810824,137.6386325,16861
Vinnytsia,mar_2022_31,3,2022,31/03/2022 8:58,3,0.027579567,212.5252722,26317
Vinnytsia,sep_2020_06,9,2020,06/09/2020 9:26,6,0.021036567,158.1167647,7251
Vinnytsia,sep_2020_14,9,2020,14/09/2020 9:16,0,0.008965985,67.61865364,7341
Zaporizhzhia,apr_2019_20,4,2019,20/04/2019 9:02,5,0.009841319,78.16016023,339
Zaporizhzhia,apr_2019_27,4,2019,27/04/2019 9:02,5,0.007047198,55.95520645,5732
Zaporizhzhia,aug_2021_27,8,2021,27/08/2021 8:52,4,0.058417301,459.9928288,13178
Zaporizhzhia,aug_2022_10,8,2022,10/08/2022 8:59,2,0.013105197,102.928331,1076
Zaporizhzhia,aug_2022_22,8,2022,22/08/2022 8:50,0,0.034669529,274.0019703,29608
Zaporizhzhia,aug_2022_29,8,2022,29/08/2022 9:01,0,0.008228682,66.33359195,7092
Zaporizhzhia,b_s1,8,2021,27/08/2021 8:52,4,0.058417301,459.9928288,13178
Zaporizhzhia,feb_2019_19,2,2019,19/02/2019 8:51,1,0.001303097,10.44293387,26
Zaporizhzhia,jan_2020_23,1,2020,23/01/2020 8:25,3,0.005354901,42.99473248,27
Zaporizhzhia,mar_2020_19,3,2020,19/03/2020 9:04,3,0.058417301,459.9932008,3576
Zaporizhzhia,mar_2022_12,3,2022,12/03/2022 8:25,5,0.024945738,197.415535,879
Zaporizhzhia,may_2022_06,5,2022,06/05/2022 8:51,4,0.022966583,189.261493,11919
Zaporizhzhia,oct_2020_09,10,2020,09/10/2020 8:49,4,0.029264021,234.2160154,1841
Zaporizhzhia,sep_2019_12,9,2019,12/09/2019 8:56,3,0.033814757,269.7492163,15801
Zaporizhzhia,sep_2019_19,9,2019,19/09/2019 9:07,3,0.055730337,441.5245716,14621
Zhytomyr,aug_2019_25,8,2019,25/08/2019 9:26,6,0.021331832,159.6231489,441
Zhytomyr,aug_2022_18,8,2022,18/08/2022 9:25,3,0.021100373,156.5860897,14396
Zhytomyr,aug_2022_25,8,2022,25/08/2022 9:50,3,0.006545158,49.63823636,267
Zhytomyr,dec_2019_04,12,2019,04/12/2019 9:12,2,0.024781027,182.4521179,2914
Zhytomyr,dec_2021_04,12,2021,04/12/2021 9:11,5,0.02486459,182.5586361,2388
Zhytomyr,feb_2019_21,2,2019,21/02/2019 9:35,3,0.012553734,95.34743993,313
Zhytomyr,feb_2020_06,2,2020,06/02/2020 9:25,3,0.01311884,99.87502929,4462
Zhytomyr,feb_2022_14,2,2022,14/02/2022 9:22,0,0.002310876,17.3797608,21
Zhytomyr,feb_2022_22,2,2022,22/02/2022 9:17,1,0.022276553,166.2144544,5370
Zhytomyr,feb_2022_23,2,2022,23/02/2022 9:31,2,0.012332246,93.61462838,10
Zhytomyr,jan_2019_24,1,2019,24/01/2019 9:21,3,0.013161481,100.9781143,1372
Zhytomyr,mar_2019_23,3,2019,23/03/2019 9:44,5,0.023580663,174.1241793,8163
Zhytomyr,may_2021_11,5,2021,11/05/2021 8:58,1,0.000258032,1.986485816,17
Zhytomyr,sep_2020_14,9,2020,14/09/2020 9:16,0,0.020755914,154.0879173,15032
Zhytomyr,sep_2021_10,9,2021,10/09/2021 9:04,4,0,2.354827419,0